[{"material_id":1, "material_name":"Ace Hunter Coin", "material_rarity":"8"},
 {"material_id":2, "material_name":"Advanced Armor Sphere", "material_rarity":"6"},
 {"material_id":3, "material_name":"Adamant Seed", "material_rarity":"2"},
 {"material_id":4, "material_name":"Antidote", "material_rarity":"1"},
 {"material_id":5, "material_name":"Aqua Fang", "material_rarity":""},
 {"material_id":6, "material_name":"Attack Jewel", "material_rarity":"7"},
 {"material_id":7, "material_name":"Azure Star Shard", "material_rarity":""},
 {"material_id":8, "material_name":"Baitbug", "material_rarity":"3"},
 {"material_id":9, "material_name":"Black Bandage", "material_rarity":""},
 {"material_id":10, "material_name":"Black Diablos Carapace", "material_rarity":""},
 {"material_id":11, "material_name":"Black Diablos Ridge +", "material_rarity":""},
 {"material_id":12, "material_name":"Black Spiral Horn +", "material_rarity":""},
 {"material_id":13, "material_name":"Blastnut", "material_rarity":"1"},
 {"material_id":14, "material_name":"Blazenut", "material_rarity":"2"},
 {"material_id":15, "material_name":"Blissbill", "material_rarity":""},
 {"material_id":16, "material_name":"Bomb Arowana", "material_rarity":""},
 {"material_id":17, "material_name":"Bomb Arowana Scale", "material_rarity":"2"},
 {"material_id":18, "material_name":"Botany Jewel", "material_rarity":"5"},
 {"material_id":19, "material_name":"Brutal Bone", "material_rarity":"6"},
 {"material_id":20, "material_name":"Brute Coin", "material_rarity":""},
 {"material_id":21, "material_name":"Burst Arowana", "material_rarity":""},
 {"material_id":22, "material_name":"Bomb Pod", "material_rarity":""},
 {"material_id":23, "material_name":"Deceased Scale", "material_rarity":""},
 {"material_id":24, "material_name":"Devil's Blight", "material_rarity":"2"},
 {"material_id":25, "material_name":"Diablos Carapace", "material_rarity":""},
 {"material_id":26, "material_name":"Dodogama Hide +", "material_rarity":""},
 {"material_id":27, "material_name":"Dodogama Jaw", "material_rarity":""},
 {"material_id":28, "material_name":"Dodogama Scale +", "material_rarity":""},
 {"material_id":29, "material_name":"Dodogama Tail", "material_rarity":""},
 {"material_id":30, "material_name":"Dodogama Talon", "material_rarity":""},
 {"material_id":31, "material_name":"Dragon Treasure", "material_rarity":""},
 {"material_id":32, "material_name":"Dragonfell Berry", "material_rarity":"4"},
 {"material_id":33, "material_name":"Dragonbone Relic", "material_rarity":"7"},
 {"material_id":34, "material_name":"Dragonstrike Nut", "material_rarity":"2"},
 {"material_id":35, "material_name":"Dreamcore Ore", "material_rarity":"7"},
 {"material_id":36, "material_name":"Dundormarin", "material_rarity":"4"},
 {"material_id":37, "material_name":"Dung", "material_rarity":"1"},
 {"material_id":38, "material_name":"Elder Dragon Blood", "material_rarity":"7"},
 {"material_id":39, "material_name":"Elder Dragon Bone", "material_rarity":"7"},
 {"material_id":40, "material_name":"Electro Sac", "material_rarity":"4"},
 {"material_id":41, "material_name":"Empty Phial", "material_rarity":"1"},
 {"material_id":42, "material_name":"Exciteshroom", "material_rarity":"3"},
 {"material_id":43, "material_name":"Firecell Stone", "material_rarity":"7"},
 {"material_id":44, "material_name":"Flamenut", "material_rarity":"2"},
 {"material_id":45, "material_name":"Flashbug", "material_rarity":"2"},
 {"material_id":46, "material_name":"Flying Coin", "material_rarity":""},
 {"material_id":47, "material_name":"Freezer Sac", "material_rarity":"6"},
 {"material_id":48, "material_name":"Frost Sac", "material_rarity":"4"},
 {"material_id":49, "material_name":"Fucium Ore", "material_rarity":"6"},
 {"material_id":50, "material_name":"Gama Coin", "material_rarity":""},
 {"material_id":51, "material_name":"Gastodon Carapace", "material_rarity":"6"},
 {"material_id":52, "material_name":"Gastodon Tuna", "material_rarity":""},
 {"material_id":53, "material_name":"Great Sushifish Scale", "material_rarity":"4"},
 {"material_id":54, "material_name":"Girros Scale +", "material_rarity":"6"},
 {"material_id":55, "material_name":"Gilded Scale", "material_rarity":""},
 {"material_id":56, "material_name":"Gilded Scale +", "material_rarity":""},
 {"material_id":57, "material_name":"Glutton Tuna", "material_rarity":""},
 {"material_id":58, "material_name":"Goldenfish", "material_rarity":""},
 {"material_id":59, "material_name":"Golden Egg", "material_rarity":""},
 {"material_id":60, "material_name":"Golden Scale", "material_rarity":""},
 {"material_id":61, "material_name":"Golden Scale +", "material_rarity":""},
 {"material_id":62, "material_name":"Great Bomb Arowana Scale", "material_rarity":"4"},
 {"material_id":63, "material_name":"Great Gajau Whisker", "material_rarity":""},
 {"material_id":64, "material_name":"Great Jagras Claw +", "material_rarity":"6"},
 {"material_id":65, "material_name":"Great Jagras Hide +", "material_rarity":"6"},
 {"material_id":66, "material_name":"Great Jagras Scale +", "material_rarity":"6"},
 {"material_id":67, "material_name":"Great Burst Arowana Scale", "material_rarity":"4"},
 {"material_id":68, "material_name":"Gunpowderfish Scale", "material_rarity":"3"},
 {"material_id":69, "material_name":"Great Gunpowderfish Scale", "material_rarity":"4"},
 {"material_id":70, "material_name":"Hard Armor Sphere", "material_rarity":"7"},
 {"material_id":71, "material_name":"Hardshell Powder", "material_rarity":"4"},
 {"material_id":72, "material_name":"Heavy Armor Sphere", "material_rarity":""},
 {"material_id":73, "material_name":"Herbivore Egg", "material_rarity":""},
 {"material_id":74, "material_name":"Hero's Streamstone: Sword", "material_rarity":""},
 {"material_id":75, "material_name":"Hero's Streamstone: Blade", "material_rarity":""},
 {"material_id":76, "material_name":"Hero's Streamstone: Hammer", "material_rarity":""},
 {"material_id":77, "material_name":"Hero's Streamstone: Lance", "material_rarity":""},
 {"material_id":78, "material_name":"Hero's Streamstone: Axe", "material_rarity":""},
 {"material_id":79, "material_name":"Hero's Streamstone: Shaft", "material_rarity":""},
 {"material_id":80, "material_name":"Hero's Streamstone: Ranged", "material_rarity":""},
 {"material_id":81, "material_name":"High Commendation", "material_rarity":"7"},
 {"material_id":82, "material_name":"Hunter King Coin", "material_rarity":""},
 {"material_id":83, "material_name":"Inferno Sac", "material_rarity":"6"},
 {"material_id":84, "material_name":"Jagras Hide +", "material_rarity":"6"},
 {"material_id":85, "material_name":"Jagras Scale +", "material_rarity":"6"},
 {"material_id":86, "material_name":"Large Barrel", "material_rarity":"2"},
 {"material_id":87, "material_name":"Large Wyvern Gem", "material_rarity":""},
 {"material_id":88, "material_name":"Large Wyvern Tear", "material_rarity":""},
 {"material_id":89, "material_name":"Latchberry", "material_rarity":"1"},
 {"material_id":90, "material_name":"Loc Lac Ore", "material_rarity":"5"},
 {"material_id":91, "material_name":"Minegardenite", "material_rarity":""},
 {"material_id":92, "material_name":"Mega Nutrients", "material_rarity":"5"},
 {"material_id":93, "material_name":"Nutrients", "material_rarity":"2"},
 {"material_id":94, "material_name":"Platinum Scale", "material_rarity":""},
 {"material_id":95, "material_name":"Platinum Scale +", "material_rarity":""},
 {"material_id":96, "material_name":"Piercing Pod", "material_rarity":""},
 {"material_id":97, "material_name":"Rathalos Coin", "material_rarity":""},
 {"material_id":98, "material_name":"Screamer Sac", "material_rarity":""},
 {"material_id":99, "material_name":"Silver Egg", "material_rarity":""},
 {"material_id":100, "material_name":"Shinebloom", "material_rarity":""},
 {"material_id":101, "material_name":"Slashberry", "material_rarity":"1"},
 {"material_id":102, "material_name":"Sleep Sac", "material_rarity":"4"},
 {"material_id":103, "material_name":"Small Goldenfish", "material_rarity":""},
 {"material_id":104, "material_name":"Steel Egg", "material_rarity":"4"},
 {"material_id":105, "material_name":"Thorn Pod", "material_rarity":""},
 {"material_id":106, "material_name":"Thunder Sac", "material_rarity":""},
 {"material_id":107, "material_name":"Thunderbug", "material_rarity":"4"},
 {"material_id":108, "material_name":"Toadstool", "material_rarity":"6"},
 {"material_id":109, "material_name":"Tobi-Kadachi Claw +", "material_rarity":"6"},
 {"material_id":110, "material_name":"Torch Pod", "material_rarity":""},
 {"material_id":111, "material_name":"Tzitzi Coin", "material_rarity":""},
 {"material_id":112, "material_name":"Unknown Skull", "material_rarity":"7"},
 {"material_id":113, "material_name":"Val Habar Quartz", "material_rarity":""},
 {"material_id":114, "material_name":"Voucher", "material_rarity":"4"},
 {"material_id":115, "material_name":"Warrior's Streamstone: Sword", "material_rarity":""},
 {"material_id":116, "material_name":"Warrior's Streamstone: Blade", "material_rarity":""},
 {"material_id":117, "material_name":"Warrior's Streamstone: Hammer", "material_rarity":""},
 {"material_id":118, "material_name":"Warrior's Streamstone: Lance", "material_rarity":""},
 {"material_id":119, "material_name":"Warrior's Streamstone: Axe", "material_rarity":""},
 {"material_id":120, "material_name":"Warrior's Streamstone: Shaft", "material_rarity":""},
 {"material_id":121, "material_name":"Warrior's Streamstone: Ranged", "material_rarity":""},
 {"material_id":122, "material_name":"Whetfish Fin", "material_rarity":""},
 {"material_id":123, "material_name":"White Liver", "material_rarity":""},
 {"material_id":124, "material_name":"Kulu Coin", "material_rarity":"4"},
 {"material_id":125, "material_name":"Pinnacle Coin", "material_rarity":"4"},
 {"material_id":126, "material_name":"Lightcrystal", "material_rarity":"5"},
 {"material_id":127, "material_name":"Aquacore Ore", "material_rarity":"4"},
 {"material_id":128, "material_name":"Spiritcore Ore", "material_rarity":"6"},
 {"material_id":129, "material_name":"Warped Bone", "material_rarity":"4"},
 {"material_id":130, "material_name":"Sturdy Bone", "material_rarity":"4"},
 {"material_id":131, "material_name":"Coral Bone", "material_rarity":"4"},
 {"material_id":132, "material_name":"Parashroom", "material_rarity":"3"},
 {"material_id":133, "material_name":"Bomberry", "material_rarity":"2"},
 {"material_id":134, "material_name":"Nitroshroom", "material_rarity":"2"},
 {"material_id":135, "material_name":"Needleberry", "material_rarity":"1"},
 {"material_id":136, "material_name":"Redpit", "material_rarity":""},
 {"material_id":137, "material_name":"Sleep Herb", "material_rarity":"1"},
 {"material_id":138, "material_name":"Spider Web", "material_rarity":"1"},
 {"material_id":139, "material_name":"Piercing Claw", "material_rarity":"6"},
 {"material_id":140, "material_name":"Might Seed", "material_rarity":"2"},
 {"material_id":141, "material_name":"Aqua Sac", "material_rarity":"4"},
 {"material_id":142, "material_name":"Coral Crystal", "material_rarity":"4"},
 {"material_id":143, "material_name":"Wyvern Tear", "material_rarity":""},
 {"material_id":144, "material_name":"Honey", "material_rarity":"2"},
 {"material_id":145, "material_name":"Sinister Cloth", "material_rarity":"5"},
 {"material_id":146, "material_name":"Burnt Meat", "material_rarity":"1"},
 {"material_id":147, "material_name":"Gastodon Horn", "material_rarity":"6"},
 {"material_id":148, "material_name":"Sushifish Scale", "material_rarity":""},
 {"material_id":149, "material_name":"Great Hornfly", "material_rarity":"5"},
 {"material_id":150, "material_name":"Poison Sac", "material_rarity":"4"},
 {"material_id":151, "material_name":"Boomerang", "material_rarity":"4"},
 {"material_id":152, "material_name":"Flame Sac", "material_rarity":"4"},
 {"material_id":153, "material_name":"Dragonite Ore", "material_rarity":"4"},
 {"material_id":154, "material_name":"First Wyverian Print", "material_rarity":"4"},
 {"material_id":155, "material_name":"Wyvern Egg", "material_rarity":""},
 {"material_id":156, "material_name":"Smokenut", "material_rarity":"1"},
 {"material_id":157, "material_name":"Forgotten Fossil", "material_rarity":""},
 {"material_id":158, "material_name":"Anjanath Fang", "material_rarity":"4"},
 {"material_id":159, "material_name":"Anjanath Fang +", "material_rarity":"6"},
 {"material_id":160, "material_name":"Anjanath Gem", "material_rarity":""},
 {"material_id":161, "material_name":"Anjanath Nosebone", "material_rarity":"4"},
 {"material_id":162, "material_name":"Anjanath Nosebone +", "material_rarity":"6"},
 {"material_id":163, "material_name":"Anjanath Pelt", "material_rarity":"4"},
 {"material_id":164, "material_name":"Anjanath Pelt +", "material_rarity":"6"},
 {"material_id":165, "material_name":"Anjanath Plate", "material_rarity":"5"},
 {"material_id":166, "material_name":"Anjanath Scale", "material_rarity":"4"},
 {"material_id":167, "material_name":"Anjanath Scale +", "material_rarity":"6"},
 {"material_id":168, "material_name":"lAnjanath Tail", "material_rarity":"4"},
 {"material_id":169, "material_name":"Pukei Coin", "material_rarity":"4"},
 {"material_id":170, "material_name":"Tailraider Voucher", "material_rarity":"4"},
 {"material_id":171, "material_name":"Azure Rathalos Carapace", "material_rarity":"6"},
 {"material_id":172, "material_name":"Azure Rathalos Scale +", "material_rarity":"6"},
 {"material_id":173, "material_name":"Azure Rathalos Tail", "material_rarity":"6"},
 {"material_id":174, "material_name":"Azure Rathalos Wing", "material_rarity":"6"},
 {"material_id":175, "material_name":"Barnos Talon", "material_rarity":"6"},
 {"material_id":176, "material_name":"Barnos Hide +", "material_rarity":"6"},
 {"material_id":177, "material_name":"Barroth Carapace", "material_rarity":"6"},
 {"material_id":178, "material_name":"Barroth Claw", "material_rarity":"4"},
 {"material_id":179, "material_name":"Barroth Claw +", "material_rarity":"6"},
 {"material_id":180, "material_name":"Barroth Ridge", "material_rarity":"4"},
 {"material_id":181, "material_name":"Barroth Ridge +", "material_rarity":"6"},
 {"material_id":182, "material_name":"Barroth Scalp", "material_rarity":"4"},
 {"material_id":183, "material_name":"Barroth Shell", "material_rarity":"4"},
 {"material_id":184, "material_name":"Barroth Tail", "material_rarity":"4"},
 {"material_id":185, "material_name":"Barroth Coin", "material_rarity":""},
 {"material_id":186, "material_name":"Fertile Mud", "material_rarity":"4"},
 {"material_id":187, "material_name":"Bazelgeuse Carapace", "material_rarity":""},
 {"material_id":188, "material_name":"Bazelgeuse Fuse", "material_rarity":""},
 {"material_id":189, "material_name":"Bazelgeuse Gem", "material_rarity":""},
 {"material_id":190, "material_name":"Bazelgeuse Scale +", "material_rarity":"6"},
 {"material_id":191, "material_name":"Bazelgeuse Tail", "material_rarity":""},
 {"material_id":192, "material_name":"Bazelgeuse Talon", "material_rarity":""},
 {"material_id":193, "material_name":"Bazelgeuse Wing", "material_rarity":""},
 {"material_id":194, "material_name":"Bird Wyvern Gem", "material_rarity":"7"},
 {"material_id":195, "material_name":"Majestic Horn", "material_rarity":""},
 {"material_id":196, "material_name":"Carbalite Ore", "material_rarity":"6"},
 {"material_id":197, "material_name":"Blue Mushroom", "material_rarity":"2"},
 {"material_id":198, "material_name":"Boulder Bone", "material_rarity":"4"},
 {"material_id":199, "material_name":"Quality Bone", "material_rarity":"6"},
 {"material_id":200, "material_name":"Monster Bone S", "material_rarity":"4"},
 {"material_id":201, "material_name":"Ancient Bone", "material_rarity":"4"},
 {"material_id":202, "material_name":"Monster Fluid", "material_rarity":"4"},
 {"material_id":203, "material_name":"Pearl Oyster", "material_rarity":""},
 {"material_id":204, "material_name":"Gunpowder Level 2", "material_rarity":"2"},
 {"material_id":205, "material_name":"Gunpowder Level 3", "material_rarity":"2"},
 {"material_id":206, "material_name":"Elysian Fruit", "material_rarity":""},
 {"material_id":207, "material_name":"Heavenberry", "material_rarity":""},
 {"material_id":208, "material_name":"Commendation", "material_rarity":"5"},
 {"material_id":209, "material_name":"Blos Medulla", "material_rarity":""},
 {"material_id":210, "material_name":"Twisted Horn", "material_rarity":"4"},
 {"material_id":211, "material_name":"Diablos Marrow", "material_rarity":"4"},
 {"material_id":212, "material_name":"Diablos Shell", "material_rarity":"4"},
 {"material_id":213, "material_name":"Diablos Tailcase", "material_rarity":""},
 {"material_id":214, "material_name":"Diablos Fang", "material_rarity":"4"},
 {"material_id":215, "material_name":"Diablos Ridge", "material_rarity":"4"},
 {"material_id":216, "material_name":"Dragoncore Ore", "material_rarity":""},
 {"material_id":217, "material_name":"Bitterbug", "material_rarity":"1"},
 {"material_id":218, "material_name":"Godbug", "material_rarity":"4"},
 {"material_id":219, "material_name":"Dragonbloom", "material_rarity":""},
 {"material_id":220, "material_name":"Gajau Scale", "material_rarity":"6"},
 {"material_id":221, "material_name":"Gajau Skin", "material_rarity":"4"},
 {"material_id":222, "material_name":"Gajau Whisker", "material_rarity":"4"},
 {"material_id":223, "material_name":"Brightmoss", "material_rarity":""},
 {"material_id":224, "material_name":"Girros Hide", "material_rarity":"4"},
 {"material_id":225, "material_name":"Sharp Claw", "material_rarity":"4"},
 {"material_id":226, "material_name":"Girros Hide +", "material_rarity":"6"},
 {"material_id":227, "material_name":"Girros Fang", "material_rarity":"4"},
 {"material_id":228, "material_name":"Girros Scale", "material_rarity":"4"},
 {"material_id":229, "material_name":"Omniplegia Sac", "material_rarity":"6"},
 {"material_id":230, "material_name":"Paralysis Sac", "material_rarity":"4"},
 {"material_id":231, "material_name":"Great Girros Fang", "material_rarity":"4"},
 {"material_id":232, "material_name":"Great Girros Tail", "material_rarity":""},
 {"material_id":233, "material_name":"Great Girros Scale", "material_rarity":"4"},
 {"material_id":234, "material_name":"Great Girros Scale +", "material_rarity":"6"},
 {"material_id":235, "material_name":"Great Girros Hood", "material_rarity":"4"},
 {"material_id":236, "material_name":"Great Girros Hood +", "material_rarity":"6"},
 {"material_id":237, "material_name":"Great Girros Hide", "material_rarity":"4"},
 {"material_id":238, "material_name":"Great Girros Hide +", "material_rarity":"6"},
 {"material_id":239, "material_name":"Great Jagras Hide", "material_rarity":"4"},
 {"material_id":240, "material_name":"Great Jagras Scale", "material_rarity":"4"},
 {"material_id":241, "material_name":"Great Jagras Claw", "material_rarity":"4"},
 {"material_id":242, "material_name":"Great Jagras Mane", "material_rarity":"4"},
 {"material_id":243, "material_name":"Whetfish Fin +", "material_rarity":"4"},
 {"material_id":244, "material_name":"Nulberry", "material_rarity":"2"},
 {"material_id":245, "material_name":"Ivy", "material_rarity":"1"},
 {"material_id":246, "material_name":"Herb", "material_rarity":"1"},
 {"material_id":247, "material_name":"Antidote Herb", "material_rarity":"1"},
 {"material_id":248, "material_name":"Fire Herb", "material_rarity":"2"},
 {"material_id":249, "material_name":"Flowfern", "material_rarity":"1"},
 {"material_id":250, "material_name":"Hornetaur Carapace", "material_rarity":"6"},
 {"material_id":251, "material_name":"Hornetaur Innerwing", "material_rarity":""},
 {"material_id":252, "material_name":"Hornetaur Shell", "material_rarity":"4"},
 {"material_id":253, "material_name":"Hornetaur Wing", "material_rarity":"4"},
 {"material_id":254, "material_name":"Hornetaur Head", "material_rarity":"4"},
 {"material_id":255, "material_name":"Monster Broth", "material_rarity":"6"},
 {"material_id":256, "material_name":"Jagras Hide", "material_rarity":"4"},
 {"material_id":257, "material_name":"Jagras Scale", "material_rarity":"4"},
 {"material_id":258, "material_name":"Jyuratodus Fang +", "material_rarity":"6"},
 {"material_id":259, "material_name":"Jyuratodus Fin +", "material_rarity":"6"},
 {"material_id":260, "material_name":"Jyuratodus Scale +", "material_rarity":"6"},
 {"material_id":261, "material_name":"Torrent Sac", "material_rarity":"6"},
 {"material_id":262, "material_name":"Jyuratodus Scale", "material_rarity":"4"},
 {"material_id":263, "material_name":"Jyuratodus Fin", "material_rarity":"4"},
 {"material_id":264, "material_name":"Jyuratodus Fang", "material_rarity":"4"},
 {"material_id":265, "material_name":"Jyuratodus Shell", "material_rarity":"4"},
 {"material_id":266, "material_name":"Raw Meat", "material_rarity":"1"},
 {"material_id":267, "material_name":"Warm Pelt", "material_rarity":"4"},
 {"material_id":268, "material_name":"Kelbi Horn", "material_rarity":""},
 {"material_id":269, "material_name":"Kestodon Shell", "material_rarity":"4"},
 {"material_id":270, "material_name":"Kestodon Carapace", "material_rarity":"6"},
 {"material_id":271, "material_name":"Kestodon Scalp", "material_rarity":"4"},
 {"material_id":272, "material_name":"Kirin Azure Horn", "material_rarity":""},
 {"material_id":273, "material_name":"Kirin Hide", "material_rarity":""},
 {"material_id":274, "material_name":"Kirin Hide +", "material_rarity":""},
 {"material_id":275, "material_name":"Kirin Mane", "material_rarity":""},
 {"material_id":276, "material_name":"Kirin Tail", "material_rarity":""},
 {"material_id":277, "material_name":"Kirin Thunderhorn", "material_rarity":""},
 {"material_id":278, "material_name":"Kirin Thundertail", "material_rarity":""},
 {"material_id":279, "material_name":"Kulu-Ya-ku Beak +", "material_rarity":"6"},
 {"material_id":280, "material_name":"Kulu-Ya-Ku Hide +", "material_rarity":"6"},
 {"material_id":281, "material_name":"Kulu-Ya-Ku Plume +", "material_rarity":"6"},
 {"material_id":282, "material_name":"Kulu-Ya-Ku Scale +", "material_rarity":"6"},
 {"material_id":283, "material_name":"Kulu-Ya-Ku Hide", "material_rarity":"4"},
 {"material_id":284, "material_name":"Kulu-Ya-Ku Plume", "material_rarity":"4"},
 {"material_id":285, "material_name":"Kulu-Ya-Ku Beak", "material_rarity":"4"},
 {"material_id":286, "material_name":"Kulu-Ya-Ku Scale", "material_rarity":"4"},
 {"material_id":287, "material_name":"Daora Carapace", "material_rarity":"7"},
 {"material_id":288, "material_name":"Daora Claw +", "material_rarity":"7"},
 {"material_id":289, "material_name":"Daora Dragon Scale +", "material_rarity":"7"},
 {"material_id":290, "material_name":"Daora Gem", "material_rarity":""},
 {"material_id":291, "material_name":"Daora Horn +", "material_rarity":"7"},
 {"material_id":292, "material_name":"Daora Tail", "material_rarity":"7"},
 {"material_id":293, "material_name":"Daora Webbing", "material_rarity":"7"},
 {"material_id":294, "material_name":"Lavasioth Carapace", "material_rarity":""},
 {"material_id":295, "material_name":"Lavasioth Fang +", "material_rarity":"6"},
 {"material_id":296, "material_name":"Lavasioth Fin +", "material_rarity":"6"},
 {"material_id":297, "material_name":"Lavasioth Scale +", "material_rarity":"6"},
 {"material_id":298, "material_name":"Legiana Claw +", "material_rarity":"6"},
 {"material_id":299, "material_name":"Legiana Gem", "material_rarity":""},
 {"material_id":300, "material_name":"Legiana Hide +", "material_rarity":"6"},
 {"material_id":301, "material_name":"Legiana Wing", "material_rarity":""},
 {"material_id":302, "material_name":"Legiana Claw", "material_rarity":"4"},
 {"material_id":303, "material_name":"Legiana Tail Webbing", "material_rarity":"4"},
 {"material_id":304, "material_name":"Legiana Webbing", "material_rarity":"4"},
 {"material_id":305, "material_name":"Legiana Plate", "material_rarity":"5"},
 {"material_id":306, "material_name":"Legiana Scale", "material_rarity":"4"},
 {"material_id":307, "material_name":"Legiana Scale +", "material_rarity":"6"},
 {"material_id":308, "material_name":"Legiana Hide", "material_rarity":"4"},
 {"material_id":309, "material_name":"Iron Ore", "material_rarity":"4"},
 {"material_id":310, "material_name":"Machalite Ore", "material_rarity":"4"},
 {"material_id":311, "material_name":"Earth Crystal", "material_rarity":"4"},
 {"material_id":312, "material_name":"Mosswine Hide", "material_rarity":"4"},
 {"material_id":313, "material_name":"Nergigante Gem", "material_rarity":""},
 {"material_id":314, "material_name":"Nergigante Carapace", "material_rarity":"7"},
 {"material_id":315, "material_name":"Nergigante Horn +", "material_rarity":"7"},
 {"material_id":316, "material_name":"Immortal Dragonscale", "material_rarity":"7"},
 {"material_id":317, "material_name":"Nergigante Talon", "material_rarity":"7"},
 {"material_id":318, "material_name":"Nergigante Tail", "material_rarity":"7"},
 {"material_id":319, "material_name":"Nergigante Regrowth Plate", "material_rarity":"7"},
 {"material_id":320, "material_name":"Wingdrake Hide +", "material_rarity":"6"},
 {"material_id":321, "material_name":"Wingdrake Hide", "material_rarity":"4"},
 {"material_id":322, "material_name":"Research Commission Ticket", "material_rarity":"7"},
 {"material_id":323, "material_name":"Odogaron Claw +", "material_rarity":""},
 {"material_id":324, "material_name":"Odogaron Fang +", "material_rarity":""},
 {"material_id":325, "material_name":"Odogaron Gem", "material_rarity":""},
 {"material_id":326, "material_name":"Odogaron Scale +", "material_rarity":""},
 {"material_id":327, "material_name":"Odogaron Sinew +", "material_rarity":""},
 {"material_id":328, "material_name":"Odogaron Fang", "material_rarity":"4"},
 {"material_id":329, "material_name":"Odogaron Plate", "material_rarity":""},
 {"material_id":330, "material_name":"Odogaron Scale", "material_rarity":"4"},
 {"material_id":331, "material_name":"Odogaron Claw", "material_rarity":"4"},
 {"material_id":332, "material_name":"Odogaron Sinew", "material_rarity":"4"},
 {"material_id":333, "material_name":"Nourishing Extract", "material_rarity":"4"},
 {"material_id":334, "material_name":"Odogaron Tail", "material_rarity":"4"},
 {"material_id":335, "material_name":"Paolumu Carapace +", "material_rarity":"6"},
 {"material_id":336, "material_name":"Paolumu Pelt +", "material_rarity":"6"},
 {"material_id":337, "material_name":"Paolumu Scale +", "material_rarity":"6"},
 {"material_id":338, "material_name":"Paolumu Wing", "material_rarity":"6"},
 {"material_id":339, "material_name":"Paolumu Scale", "material_rarity":"4"},
 {"material_id":340, "material_name":"Paolumu Shell", "material_rarity":"4"},
 {"material_id":341, "material_name":"Paolumu Webbing", "material_rarity":"4"},
 {"material_id":342, "material_name":"Paolumu Pelt", "material_rarity":"4"},
 {"material_id":343, "material_name":"Pink Rathian Carapace", "material_rarity":"6"},
 {"material_id":344, "material_name":"Pink Rathian Scale +", "material_rarity":"6"},
 {"material_id":345, "material_name":"Toxin Sac", "material_rarity":"6"},
 {"material_id":346, "material_name":"Pukei-Pukei Scale", "material_rarity":"4"},
 {"material_id":347, "material_name":"Pukei-Pukei Scale +", "material_rarity":"6"},
 {"material_id":348, "material_name":"Pukei-Pukei Carapace", "material_rarity":"6"},
 {"material_id":349, "material_name":"Pukei-Pukei Sac", "material_rarity":"4"},
 {"material_id":350, "material_name":"Pukei-Pukei Sac +", "material_rarity":"6"},
 {"material_id":351, "material_name":"Pukei-Pukei Quill", "material_rarity":"4"},
 {"material_id":352, "material_name":"Pukei-Pukei Wing", "material_rarity":"6"},
 {"material_id":353, "material_name":"Pukei-Pukei Shell", "material_rarity":"4"},
 {"material_id":354, "material_name":"Pukei-Pukei Tail", "material_rarity":"4"},
 {"material_id":355, "material_name":"Astera Jerky", "material_rarity":"2"},
 {"material_id":356, "material_name":"Mandragora", "material_rarity":"3"},
 {"material_id":357, "material_name":"Small Barrel", "material_rarity":"1"},
 {"material_id":358, "material_name":"Snow Herb", "material_rarity":"2"},
 {"material_id":359, "material_name":"Coma Sac", "material_rarity":"6"},
 {"material_id":360, "material_name":"Radobaan Marrow", "material_rarity":"4"},
 {"material_id":361, "material_name":"Radobaan Scale", "material_rarity":"4"},
 {"material_id":362, "material_name":"Radobaan Oilshell", "material_rarity":"4"},
 {"material_id":363, "material_name":"Wyvern Bonemass", "material_rarity":"4"},
 {"material_id":364, "material_name":"Radobaan Shell", "material_rarity":"4"},
 {"material_id":365, "material_name":"Radobaan Carapace", "material_rarity":"6"},
 {"material_id":366, "material_name":"Radobaan Medulla", "material_rarity":"6"},
 {"material_id":367, "material_name":"Radobaan Scale +", "material_rarity":"6"},
 {"material_id":368, "material_name":"Wyvern Gem", "material_rarity":"7"},
 {"material_id":369, "material_name":"Rathalos Carapace", "material_rarity":"6"},
 {"material_id":370, "material_name":"Rathalos Ruby", "material_rarity":"7"},
 {"material_id":371, "material_name":"Rathalos Marrow", "material_rarity":"4"},
 {"material_id":372, "material_name":"Rathalos Plate", "material_rarity":"5"},
 {"material_id":373, "material_name":"Rathalos Scale", "material_rarity":"4"},
 {"material_id":374, "material_name":"Rathalos Tail", "material_rarity":"4"},
 {"material_id":375, "material_name":"Rathalos Webbing", "material_rarity":"4"},
 {"material_id":376, "material_name":"Rathalos Wing", "material_rarity":"6"},
 {"material_id":377, "material_name":"Rathalos Shell", "material_rarity":"4"},
 {"material_id":378, "material_name":"Rath Wingtalon", "material_rarity":"4"},
 {"material_id":379, "material_name":"Rathalos Scale +", "material_rarity":"6"},
 {"material_id":380, "material_name":"Rathian Carapace", "material_rarity":"6"},
 {"material_id":381, "material_name":"Rathian Coin", "material_rarity":""},
 {"material_id":382, "material_name":"Rathian Ruby", "material_rarity":""},
 {"material_id":383, "material_name":"Rathian Scale +", "material_rarity":"6"},
 {"material_id":384, "material_name":"Rathian Spike +", "material_rarity":"6"},
 {"material_id":385, "material_name":"Rathian Plate", "material_rarity":"4"},
 {"material_id":386, "material_name":"Rathian Scale", "material_rarity":"4"},
 {"material_id":387, "material_name":"Rathian Spike", "material_rarity":"4"},
 {"material_id":388, "material_name":"Rathian Shell", "material_rarity":"4"},
 {"material_id":389, "material_name":"Rathian Webbing", "material_rarity":"4"},
 {"material_id":390, "material_name":"Dragonvein Crystal", "material_rarity":"6"},
 {"material_id":391, "material_name":"Novacrystal", "material_rarity":"7"},
 {"material_id":392, "material_name":"Monster Bone +", "material_rarity":"4"},
 {"material_id":393, "material_name":"Monster Keenbone", "material_rarity":"6"},
 {"material_id":394, "material_name":"Monster HardBone", "material_rarity":"6"},
 {"material_id":395, "material_name":"Monster Bone M", "material_rarity":"4"},
 {"material_id":396, "material_name":"Monster Bone L", "material_rarity":"4"},
 {"material_id":397, "material_name":"Armor Sphere", "material_rarity":"4"},
 {"material_id":398, "material_name":"Armor Sphere +", "material_rarity":"5"},
 {"material_id":399, "material_name":"Kingly Cactus", "material_rarity":""},
 {"material_id":400, "material_name":"Jewel Cactus", "material_rarity":""},
 {"material_id":401, "material_name":"Shamos Hide", "material_rarity":"4"},
 {"material_id":402, "material_name":"Shamos Hide +", "material_rarity":"6"},
 {"material_id":403, "material_name":"Shamos Scale +", "material_rarity":"6"},
 {"material_id":404, "material_name":"Shamos Scale", "material_rarity":"4"},
 {"material_id":405, "material_name":"High Quality Pelt", "material_rarity":"6"},
 {"material_id":406, "material_name":"Teostra Carapace", "material_rarity":"6"},
 {"material_id":407, "material_name":"Teostra Claw +", "material_rarity":"6"},
 {"material_id":408, "material_name":"Teostra Powder", "material_rarity":""},
 {"material_id":409, "material_name":"Teostra Tail", "material_rarity":""},
 {"material_id":410, "material_name":"Teostra Webbing", "material_rarity":""},
 {"material_id":411, "material_name":"Fire Dragonscale +", "material_rarity":""},
 {"material_id":412, "material_name":"Teostra Gem", "material_rarity":""},
 {"material_id":413, "material_name":"Teostra Horn +", "material_rarity":""},
 {"material_id":414, "material_name":"Teostra Mane", "material_rarity":""},
 {"material_id":415, "material_name":"Tobi-Kadachi Electrode +", "material_rarity":"6"},
 {"material_id":416, "material_name":"Tobi-Kadachi Pelt +", "material_rarity":"6"},
 {"material_id":417, "material_name":"Tobi-Kadachi Scale +", "material_rarity":"6"},
 {"material_id":418, "material_name":"Tobi-Kadachi Pelt", "material_rarity":"4"},
 {"material_id":419, "material_name":"Tobi-Kadachi Membrane", "material_rarity":"4"},
 {"material_id":420, "material_name":"Tobi-Kadachi Scale", "material_rarity":"4"},
 {"material_id":421, "material_name":"Tobi-Kadachi Claw", "material_rarity":"4"},
 {"material_id":422, "material_name":"Tobi-Kadachi Electrode", "material_rarity":"4"},
 {"material_id":423, "material_name":"Divine Apple", "material_rarity":""},
 {"material_id":424, "material_name":"Hardfruit", "material_rarity":""},
 {"material_id":425, "material_name":"Rockfruit", "material_rarity":""},
 {"material_id":426, "material_name":"Tzitzi-Ya-Ku Claw", "material_rarity":"4"},
 {"material_id":427, "material_name":"Tzitzi-Ya-Ku Claw +", "material_rarity":"6"},
 {"material_id":428, "material_name":"Tzitzi-Ya-Ku Scale", "material_rarity":"4"},
 {"material_id":429, "material_name":"Tzitzi-Ya-Ku Scale +", "material_rarity":"6"},
 {"material_id":430, "material_name":"Tzitzi-Ya-Ku Photophore", "material_rarity":"4"},
 {"material_id":431, "material_name":"Tzitzi-Ya-Ku Photophore +", "material_rarity":"6"},
 {"material_id":432, "material_name":"Tzitzi-Ya-Ku Hide", "material_rarity":"4"},
 {"material_id":433, "material_name":"Tzitzi-Ya-Ku Hide +", "material_rarity":"6"},
 {"material_id":434, "material_name":"Lava Nugget", "material_rarity":""},
 {"material_id":435, "material_name":"Uragaan Carapace", "material_rarity":"6"},
 {"material_id":436, "material_name":"Uragaan Jaw", "material_rarity":"6"},
 {"material_id":437, "material_name":"Uragaan Marrow", "material_rarity":"6"},
 {"material_id":438, "material_name":"Uragaan Ruby", "material_rarity":""},
 {"material_id":439, "material_name":"Uragaan Scale +", "material_rarity":"6"},
 {"material_id":440, "material_name":"Uragaan Scute", "material_rarity":"6"},
 {"material_id":441, "material_name":"Vaal Hazak Carapace", "material_rarity":""},
 {"material_id":442, "material_name":"Vaal Hazak Fang +", "material_rarity":""},
 {"material_id":443, "material_name":"Vaal Hazak Gem", "material_rarity":""},
 {"material_id":444, "material_name":"Vaal Hazak Membrane", "material_rarity":""},
 {"material_id":445, "material_name":"Vaal Hazak Tail", "material_rarity":""},
 {"material_id":446, "material_name":"Vaal Hazak Talon", "material_rarity":""},
 {"material_id":447, "material_name":"Vaal Hazak Wing", "material_rarity":""},
 {"material_id":448, "material_name":"Vespoid Carapace", "material_rarity":"6"},
 {"material_id":449, "material_name":"Vespoid Innerwing", "material_rarity":"6"},
 {"material_id":450, "material_name":"Vespoid Shell", "material_rarity":"4"},
 {"material_id":451, "material_name":"Vespoid Wing", "material_rarity":"4"},
 {"material_id":452, "material_name":"Xeno'jiiva Claw", "material_rarity":""},
 {"material_id":453, "material_name":"Xeno'jiiva Gem", "material_rarity":"8"},
 {"material_id":454, "material_name":"Xeno'jiiva Horn", "material_rarity":""},
 {"material_id":455, "material_name":"Xeno'jiiva Shell", "material_rarity":""},
 {"material_id":456, "material_name":"Xeno'jiiva Soulscale", "material_rarity":""},
 {"material_id":457, "material_name":"Xeno'jiiva Tail", "material_rarity":""},
 {"material_id":458, "material_name":"Xeno'jiiva Veil", "material_rarity":"7"},
 {"material_id":459, "material_name":"Xeno'jiiva Wing", "material_rarity":""},
 {"material_id":460, "material_name":"Zorah Magdaros Heat Scale", "material_rarity":"6"},
 {"material_id":461, "material_name":"Zorah Magdaros Pleura", "material_rarity":"6"},
 {"material_id":462, "material_name":"Zorah Magdaros Magma", "material_rarity":"6"},
 {"material_id":463, "material_name":"Zorah Magdaros Carapace", "material_rarity":"6"},
 {"material_id":464, "material_name":"Zorah Magdaros Gem", "material_rarity":"7"},
 {"material_id":465, "material_name":"Zorah Magdaros Ridge", "material_rarity":"6"}]