[{"mbp_id":1, "monster_id":1, "body_part_id":"He", "sever_level":3, "blunt_level":3, "ammo_level":3},
 {"mbp_id":2, "monster_id":1, "body_part_id":"Ho", "sever_level":0, "blunt_level":0, "ammo_level":0},
 {"mbp_id":3, "monster_id":1, "body_part_id":"M", "sever_level":0, "blunt_level":0, "ammo_level":0},
 {"mbp_id":4, "monster_id":1, "body_part_id":"C", "sever_level":0, "blunt_level":0, "ammo_level":0},
 {"mbp_id":5, "monster_id":1, "body_part_id":"FL", "sever_level":0, "blunt_level":0, "ammo_level":0},
 {"mbp_id":6, "monster_id":1, "body_part_id":"HL", "sever_level":0, "blunt_level":0, "ammo_level":0},
 {"mbp_id":7, "monster_id":1, "body_part_id":"B", "sever_level":0, "blunt_level":0, "ammo_level":0},
 {"mbp_id":8, "monster_id":1, "body_part_id":"T", "sever_level":0, "blunt_level":0, "ammo_level":0},
 {"mbp_id":9, "monster_id":1, "body_part_id":"W", "sever_level":0, "blunt_level":0, "ammo_level":0},
 {"mbp_id":10, "monster_id":2, "body_part_id":"He", "sever_level":3, "blunt_level":3, "ammo_level":3},
 {"mbp_id":11, "monster_id":2, "body_part_id":"Ho", "sever_level":0, "blunt_level":0, "ammo_level":0},
 {"mbp_id":12, "monster_id":2, "body_part_id":"M", "sever_level":0, "blunt_level":0, "ammo_level":0},
 {"mbp_id":13, "monster_id":2, "body_part_id":"C", "sever_level":0, "blunt_level":0, "ammo_level":0},
 {"mbp_id":14, "monster_id":2, "body_part_id":"FL", "sever_level":0, "blunt_level":0, "ammo_level":0},
 {"mbp_id":15, "monster_id":2, "body_part_id":"HL", "sever_level":0, "blunt_level":0, "ammo_level":0},
 {"mbp_id":16, "monster_id":2, "body_part_id":"B", "sever_level":0, "blunt_level":0, "ammo_level":0},
 {"mbp_id":17, "monster_id":2, "body_part_id":"T", "sever_level":0, "blunt_level":0, "ammo_level":0},
 {"mbp_id":18, "monster_id":2, "body_part_id":"W", "sever_level":0, "blunt_level":0, "ammo_level":0},
 {"mbp_id":19, "monster_id":3, "body_part_id":"He", "sever_level":1, "blunt_level":1, "ammo_level":1},
 {"mbp_id":20, "monster_id":3, "body_part_id":"Ho", "sever_level":0, "blunt_level":0, "ammo_level":0},
 {"mbp_id":21, "monster_id":3, "body_part_id":"M", "sever_level":0, "blunt_level":0, "ammo_level":0},
 {"mbp_id":22, "monster_id":3, "body_part_id":"C", "sever_level":0, "blunt_level":0, "ammo_level":0},
 {"mbp_id":23, "monster_id":3, "body_part_id":"FL", "sever_level":0, "blunt_level":0, "ammo_level":0},
 {"mbp_id":24, "monster_id":3, "body_part_id":"HL", "sever_level":0, "blunt_level":0, "ammo_level":0},
 {"mbp_id":25, "monster_id":3, "body_part_id":"B", "sever_level":0, "blunt_level":0, "ammo_level":0},
 {"mbp_id":26, "monster_id":3, "body_part_id":"T", "sever_level":0, "blunt_level":0, "ammo_level":0},
 {"mbp_id":27, "monster_id":3, "body_part_id":"W", "sever_level":0, "blunt_level":0, "ammo_level":0},
 {"mbp_id":28, "monster_id":4, "body_part_id":"He", "sever_level":3, "blunt_level":3, "ammo_level":3},
 {"mbp_id":29, "monster_id":4, "body_part_id":"Ho", "sever_level":0, "blunt_level":0, "ammo_level":0},
 {"mbp_id":30, "monster_id":4, "body_part_id":"M", "sever_level":0, "blunt_level":0, "ammo_level":0},
 {"mbp_id":31, "monster_id":4, "body_part_id":"C", "sever_level":0, "blunt_level":0, "ammo_level":0},
 {"mbp_id":32, "monster_id":4, "body_part_id":"FL", "sever_level":0, "blunt_level":0, "ammo_level":0},
 {"mbp_id":33, "monster_id":4, "body_part_id":"HL", "sever_level":0, "blunt_level":0, "ammo_level":0},
 {"mbp_id":34, "monster_id":4, "body_part_id":"B", "sever_level":0, "blunt_level":0, "ammo_level":0},
 {"mbp_id":35, "monster_id":4, "body_part_id":"T", "sever_level":0, "blunt_level":0, "ammo_level":0},
 {"mbp_id":36, "monster_id":4, "body_part_id":"W", "sever_level":0, "blunt_level":0, "ammo_level":0},
 {"mbp_id":37, "monster_id":5, "body_part_id":"He", "sever_level":2, "blunt_level":3, "ammo_level":2},
 {"mbp_id":38, "monster_id":5, "body_part_id":"Ho", "sever_level":1, "blunt_level":1, "ammo_level":1},
 {"mbp_id":39, "monster_id":5, "body_part_id":"M", "sever_level":0, "blunt_level":0, "ammo_level":0},
 {"mbp_id":40, "monster_id":5, "body_part_id":"C", "sever_level":0, "blunt_level":0, "ammo_level":0},
 {"mbp_id":41, "monster_id":5, "body_part_id":"FL", "sever_level":0, "blunt_level":0, "ammo_level":0},
 {"mbp_id":42, "monster_id":5, "body_part_id":"HL", "sever_level":0, "blunt_level":0, "ammo_level":0},
 {"mbp_id":43, "monster_id":5, "body_part_id":"B", "sever_level":0, "blunt_level":0, "ammo_level":0},
 {"mbp_id":44, "monster_id":5, "body_part_id":"T", "sever_level":0, "blunt_level":0, "ammo_level":0},
 {"mbp_id":45, "monster_id":5, "body_part_id":"W", "sever_level":0, "blunt_level":0, "ammo_level":0},
 {"mbp_id":46, "monster_id":6, "body_part_id":"He", "sever_level":3, "blunt_level":3, "ammo_level":3},
 {"mbp_id":47, "monster_id":6, "body_part_id":"Ho", "sever_level":0, "blunt_level":0, "ammo_level":0},
 {"mbp_id":48, "monster_id":6, "body_part_id":"M", "sever_level":0, "blunt_level":0, "ammo_level":0},
 {"mbp_id":49, "monster_id":6, "body_part_id":"C", "sever_level":0, "blunt_level":0, "ammo_level":0},
 {"mbp_id":50, "monster_id":6, "body_part_id":"FL", "sever_level":0, "blunt_level":0, "ammo_level":0},
 {"mbp_id":51, "monster_id":6, "body_part_id":"HL", "sever_level":0, "blunt_level":0, "ammo_level":0},
 {"mbp_id":52, "monster_id":6, "body_part_id":"B", "sever_level":0, "blunt_level":0, "ammo_level":0},
 {"mbp_id":53, "monster_id":6, "body_part_id":"T", "sever_level":0, "blunt_level":0, "ammo_level":0},
 {"mbp_id":54, "monster_id":6, "body_part_id":"W", "sever_level":0, "blunt_level":0, "ammo_level":0},
 {"mbp_id":55, "monster_id":7, "body_part_id":"He", "sever_level":2, "blunt_level":3, "ammo_level":2},
 {"mbp_id":56, "monster_id":7, "body_part_id":"Ho", "sever_level":1, "blunt_level":1, "ammo_level":1},
 {"mbp_id":57, "monster_id":7, "body_part_id":"M", "sever_level":0, "blunt_level":0, "ammo_level":0},
 {"mbp_id":58, "monster_id":7, "body_part_id":"C", "sever_level":0, "blunt_level":0, "ammo_level":0},
 {"mbp_id":59, "monster_id":7, "body_part_id":"FL", "sever_level":0, "blunt_level":0, "ammo_level":0},
 {"mbp_id":60, "monster_id":7, "body_part_id":"HL", "sever_level":0, "blunt_level":0, "ammo_level":0},
 {"mbp_id":61, "monster_id":7, "body_part_id":"B", "sever_level":0, "blunt_level":0, "ammo_level":0},
 {"mbp_id":62, "monster_id":7, "body_part_id":"T", "sever_level":0, "blunt_level":0, "ammo_level":0},
 {"mbp_id":63, "monster_id":7, "body_part_id":"W", "sever_level":0, "blunt_level":0, "ammo_level":0},
 {"mbp_id":64, "monster_id":8, "body_part_id":"He", "sever_level":3, "blunt_level":3, "ammo_level":3},
 {"mbp_id":65, "monster_id":8, "body_part_id":"Ho", "sever_level":0, "blunt_level":0, "ammo_level":0},
 {"mbp_id":66, "monster_id":8, "body_part_id":"M", "sever_level":0, "blunt_level":0, "ammo_level":0},
 {"mbp_id":67, "monster_id":8, "body_part_id":"C", "sever_level":0, "blunt_level":0, "ammo_level":0},
 {"mbp_id":68, "monster_id":8, "body_part_id":"FL", "sever_level":0, "blunt_level":0, "ammo_level":0},
 {"mbp_id":69, "monster_id":8, "body_part_id":"HL", "sever_level":0, "blunt_level":0, "ammo_level":0},
 {"mbp_id":70, "monster_id":8, "body_part_id":"B", "sever_level":0, "blunt_level":0, "ammo_level":0},
 {"mbp_id":71, "monster_id":8, "body_part_id":"T", "sever_level":0, "blunt_level":0, "ammo_level":0},
 {"mbp_id":72, "monster_id":8, "body_part_id":"W", "sever_level":0, "blunt_level":0, "ammo_level":0},
 {"mbp_id":73, "monster_id":9, "body_part_id":"He", "sever_level":3, "blunt_level":3, "ammo_level":3},
 {"mbp_id":74, "monster_id":9, "body_part_id":"Ho", "sever_level":0, "blunt_level":0, "ammo_level":0},
 {"mbp_id":75, "monster_id":9, "body_part_id":"M", "sever_level":0, "blunt_level":0, "ammo_level":0},
 {"mbp_id":76, "monster_id":9, "body_part_id":"C", "sever_level":0, "blunt_level":0, "ammo_level":0},
 {"mbp_id":77, "monster_id":9, "body_part_id":"FL", "sever_level":0, "blunt_level":0, "ammo_level":0},
 {"mbp_id":78, "monster_id":9, "body_part_id":"HL", "sever_level":0, "blunt_level":0, "ammo_level":0},
 {"mbp_id":79, "monster_id":9, "body_part_id":"B", "sever_level":0, "blunt_level":0, "ammo_level":0},
 {"mbp_id":80, "monster_id":9, "body_part_id":"T", "sever_level":0, "blunt_level":0, "ammo_level":0},
 {"mbp_id":81, "monster_id":9, "body_part_id":"W", "sever_level":0, "blunt_level":0, "ammo_level":0},
 {"mbp_id":82, "monster_id":10, "body_part_id":"He", "sever_level":3, "blunt_level":3, "ammo_level":3},
 {"mbp_id":83, "monster_id":10, "body_part_id":"Ho", "sever_level":0, "blunt_level":0, "ammo_level":0},
 {"mbp_id":84, "monster_id":10, "body_part_id":"M", "sever_level":0, "blunt_level":0, "ammo_level":0},
 {"mbp_id":85, "monster_id":10, "body_part_id":"C", "sever_level":0, "blunt_level":0, "ammo_level":0},
 {"mbp_id":86, "monster_id":10, "body_part_id":"FL", "sever_level":0, "blunt_level":0, "ammo_level":0},
 {"mbp_id":87, "monster_id":10, "body_part_id":"HL", "sever_level":0, "blunt_level":0, "ammo_level":0},
 {"mbp_id":88, "monster_id":10, "body_part_id":"B", "sever_level":0, "blunt_level":0, "ammo_level":0},
 {"mbp_id":89, "monster_id":10, "body_part_id":"T", "sever_level":0, "blunt_level":0, "ammo_level":0},
 {"mbp_id":90, "monster_id":10, "body_part_id":"W", "sever_level":0, "blunt_level":0, "ammo_level":0},
 {"mbp_id":91, "monster_id":11, "body_part_id":"He", "sever_level":3, "blunt_level":3, "ammo_level":3},
 {"mbp_id":92, "monster_id":11, "body_part_id":"Ho", "sever_level":0, "blunt_level":0, "ammo_level":0},
 {"mbp_id":93, "monster_id":11, "body_part_id":"M", "sever_level":0, "blunt_level":0, "ammo_level":0},
 {"mbp_id":94, "monster_id":11, "body_part_id":"C", "sever_level":0, "blunt_level":0, "ammo_level":0},
 {"mbp_id":95, "monster_id":11, "body_part_id":"FL", "sever_level":0, "blunt_level":0, "ammo_level":0},
 {"mbp_id":96, "monster_id":11, "body_part_id":"HL", "sever_level":0, "blunt_level":0, "ammo_level":0},
 {"mbp_id":97, "monster_id":11, "body_part_id":"B", "sever_level":0, "blunt_level":0, "ammo_level":0},
 {"mbp_id":98, "monster_id":11, "body_part_id":"T", "sever_level":0, "blunt_level":0, "ammo_level":0},
 {"mbp_id":99, "monster_id":11, "body_part_id":"W", "sever_level":0, "blunt_level":0, "ammo_level":0},
 {"mbp_id":100, "monster_id":12, "body_part_id":"He", "sever_level":3, "blunt_level":3, "ammo_level":2},
 {"mbp_id":101, "monster_id":12, "body_part_id":"Ho", "sever_level":3, "blunt_level":3, "ammo_level":2},
 {"mbp_id":102, "monster_id":12, "body_part_id":"M", "sever_level":0, "blunt_level":0, "ammo_level":0},
 {"mbp_id":103, "monster_id":12, "body_part_id":"C", "sever_level":0, "blunt_level":0, "ammo_level":0},
 {"mbp_id":104, "monster_id":12, "body_part_id":"FL", "sever_level":0, "blunt_level":0, "ammo_level":0},
 {"mbp_id":105, "monster_id":12, "body_part_id":"HL", "sever_level":0, "blunt_level":0, "ammo_level":0},
 {"mbp_id":106, "monster_id":12, "body_part_id":"B", "sever_level":0, "blunt_level":0, "ammo_level":0},
 {"mbp_id":107, "monster_id":12, "body_part_id":"T", "sever_level":0, "blunt_level":0, "ammo_level":0},
 {"mbp_id":108, "monster_id":12, "body_part_id":"W", "sever_level":0, "blunt_level":0, "ammo_level":0},
 {"mbp_id":109, "monster_id":13, "body_part_id":"He", "sever_level":3, "blunt_level":3, "ammo_level":3},
 {"mbp_id":110, "monster_id":13, "body_part_id":"Ho", "sever_level":0, "blunt_level":0, "ammo_level":0},
 {"mbp_id":111, "monster_id":13, "body_part_id":"M", "sever_level":0, "blunt_level":0, "ammo_level":0},
 {"mbp_id":112, "monster_id":13, "body_part_id":"C", "sever_level":0, "blunt_level":0, "ammo_level":0},
 {"mbp_id":113, "monster_id":13, "body_part_id":"FL", "sever_level":0, "blunt_level":0, "ammo_level":0},
 {"mbp_id":114, "monster_id":13, "body_part_id":"HL", "sever_level":0, "blunt_level":0, "ammo_level":0},
 {"mbp_id":115, "monster_id":13, "body_part_id":"B", "sever_level":0, "blunt_level":0, "ammo_level":0},
 {"mbp_id":116, "monster_id":13, "body_part_id":"T", "sever_level":0, "blunt_level":0, "ammo_level":0},
 {"mbp_id":117, "monster_id":13, "body_part_id":"W", "sever_level":0, "blunt_level":0, "ammo_level":0},
 {"mbp_id":118, "monster_id":14, "body_part_id":"He", "sever_level":3, "blunt_level":3, "ammo_level":2},
 {"mbp_id":119, "monster_id":14, "body_part_id":"Ho", "sever_level":2, "blunt_level":2, "ammo_level":2},
 {"mbp_id":120, "monster_id":14, "body_part_id":"M", "sever_level":0, "blunt_level":0, "ammo_level":0},
 {"mbp_id":121, "monster_id":14, "body_part_id":"C", "sever_level":0, "blunt_level":0, "ammo_level":0},
 {"mbp_id":122, "monster_id":14, "body_part_id":"FL", "sever_level":0, "blunt_level":0, "ammo_level":0},
 {"mbp_id":123, "monster_id":14, "body_part_id":"HL", "sever_level":0, "blunt_level":0, "ammo_level":0},
 {"mbp_id":124, "monster_id":14, "body_part_id":"B", "sever_level":0, "blunt_level":0, "ammo_level":0},
 {"mbp_id":125, "monster_id":14, "body_part_id":"T", "sever_level":0, "blunt_level":0, "ammo_level":0},
 {"mbp_id":126, "monster_id":14, "body_part_id":"W", "sever_level":0, "blunt_level":0, "ammo_level":0},
 {"mbp_id":127, "monster_id":15, "body_part_id":"He", "sever_level":3, "blunt_level":3, "ammo_level":2},
 {"mbp_id":128, "monster_id":15, "body_part_id":"Ho", "sever_level":0, "blunt_level":0, "ammo_level":0},
 {"mbp_id":129, "monster_id":15, "body_part_id":"M", "sever_level":0, "blunt_level":0, "ammo_level":0},
 {"mbp_id":130, "monster_id":15, "body_part_id":"C", "sever_level":0, "blunt_level":0, "ammo_level":0},
 {"mbp_id":131, "monster_id":15, "body_part_id":"FL", "sever_level":0, "blunt_level":0, "ammo_level":0},
 {"mbp_id":132, "monster_id":15, "body_part_id":"HL", "sever_level":0, "blunt_level":0, "ammo_level":0},
 {"mbp_id":133, "monster_id":15, "body_part_id":"B", "sever_level":0, "blunt_level":0, "ammo_level":0},
 {"mbp_id":134, "monster_id":15, "body_part_id":"T", "sever_level":0, "blunt_level":0, "ammo_level":0},
 {"mbp_id":135, "monster_id":15, "body_part_id":"W", "sever_level":0, "blunt_level":0, "ammo_level":0},
 {"mbp_id":136, "monster_id":16, "body_part_id":"He", "sever_level":3, "blunt_level":3, "ammo_level":3},
 {"mbp_id":137, "monster_id":16, "body_part_id":"Ho", "sever_level":0, "blunt_level":0, "ammo_level":0},
 {"mbp_id":138, "monster_id":16, "body_part_id":"M", "sever_level":0, "blunt_level":0, "ammo_level":0},
 {"mbp_id":139, "monster_id":16, "body_part_id":"C", "sever_level":0, "blunt_level":0, "ammo_level":0},
 {"mbp_id":140, "monster_id":16, "body_part_id":"FL", "sever_level":0, "blunt_level":0, "ammo_level":0},
 {"mbp_id":141, "monster_id":16, "body_part_id":"HL", "sever_level":0, "blunt_level":0, "ammo_level":0},
 {"mbp_id":142, "monster_id":16, "body_part_id":"B", "sever_level":0, "blunt_level":0, "ammo_level":0},
 {"mbp_id":143, "monster_id":16, "body_part_id":"T", "sever_level":0, "blunt_level":0, "ammo_level":0},
 {"mbp_id":144, "monster_id":16, "body_part_id":"W", "sever_level":0, "blunt_level":0, "ammo_level":0},
 {"mbp_id":145, "monster_id":17, "body_part_id":"He", "sever_level":3, "blunt_level":3, "ammo_level":3},
 {"mbp_id":146, "monster_id":17, "body_part_id":"Ho", "sever_level":0, "blunt_level":0, "ammo_level":0},
 {"mbp_id":147, "monster_id":17, "body_part_id":"M", "sever_level":0, "blunt_level":0, "ammo_level":0},
 {"mbp_id":148, "monster_id":17, "body_part_id":"C", "sever_level":0, "blunt_level":0, "ammo_level":0},
 {"mbp_id":149, "monster_id":17, "body_part_id":"FL", "sever_level":0, "blunt_level":0, "ammo_level":0},
 {"mbp_id":150, "monster_id":17, "body_part_id":"HL", "sever_level":0, "blunt_level":0, "ammo_level":0},
 {"mbp_id":151, "monster_id":17, "body_part_id":"B", "sever_level":0, "blunt_level":0, "ammo_level":0},
 {"mbp_id":152, "monster_id":17, "body_part_id":"T", "sever_level":0, "blunt_level":0, "ammo_level":0},
 {"mbp_id":153, "monster_id":17, "body_part_id":"W", "sever_level":0, "blunt_level":0, "ammo_level":0},
 {"mbp_id":154, "monster_id":18, "body_part_id":"He", "sever_level":2, "blunt_level":3, "ammo_level":2},
 {"mbp_id":155, "monster_id":18, "body_part_id":"Ho", "sever_level":0, "blunt_level":0, "ammo_level":0},
 {"mbp_id":156, "monster_id":18, "body_part_id":"M", "sever_level":0, "blunt_level":0, "ammo_level":0},
 {"mbp_id":157, "monster_id":18, "body_part_id":"C", "sever_level":0, "blunt_level":0, "ammo_level":0},
 {"mbp_id":158, "monster_id":18, "body_part_id":"FL", "sever_level":0, "blunt_level":0, "ammo_level":0},
 {"mbp_id":159, "monster_id":18, "body_part_id":"HL", "sever_level":0, "blunt_level":0, "ammo_level":0},
 {"mbp_id":160, "monster_id":18, "body_part_id":"B", "sever_level":0, "blunt_level":0, "ammo_level":0},
 {"mbp_id":161, "monster_id":18, "body_part_id":"T", "sever_level":0, "blunt_level":0, "ammo_level":0},
 {"mbp_id":162, "monster_id":18, "body_part_id":"W", "sever_level":0, "blunt_level":0, "ammo_level":0},
 {"mbp_id":163, "monster_id":19, "body_part_id":"He", "sever_level":2, "blunt_level":3, "ammo_level":2},
 {"mbp_id":164, "monster_id":19, "body_part_id":"Ho", "sever_level":3, "blunt_level":3, "ammo_level":3},
 {"mbp_id":165, "monster_id":19, "body_part_id":"M", "sever_level":0, "blunt_level":0, "ammo_level":0},
 {"mbp_id":166, "monster_id":19, "body_part_id":"C", "sever_level":0, "blunt_level":0, "ammo_level":0},
 {"mbp_id":167, "monster_id":19, "body_part_id":"FL", "sever_level":0, "blunt_level":0, "ammo_level":0},
 {"mbp_id":168, "monster_id":19, "body_part_id":"HL", "sever_level":0, "blunt_level":0, "ammo_level":0},
 {"mbp_id":169, "monster_id":19, "body_part_id":"B", "sever_level":0, "blunt_level":0, "ammo_level":0},
 {"mbp_id":170, "monster_id":19, "body_part_id":"T", "sever_level":0, "blunt_level":0, "ammo_level":0},
 {"mbp_id":171, "monster_id":19, "body_part_id":"W", "sever_level":0, "blunt_level":0, "ammo_level":0},
 {"mbp_id":172, "monster_id":20, "body_part_id":"He", "sever_level":3, "blunt_level":3, "ammo_level":3},
 {"mbp_id":173, "monster_id":20, "body_part_id":"Ho", "sever_level":0, "blunt_level":0, "ammo_level":0},
 {"mbp_id":174, "monster_id":20, "body_part_id":"M", "sever_level":0, "blunt_level":0, "ammo_level":0},
 {"mbp_id":175, "monster_id":20, "body_part_id":"C", "sever_level":0, "blunt_level":0, "ammo_level":0},
 {"mbp_id":176, "monster_id":20, "body_part_id":"FL", "sever_level":0, "blunt_level":0, "ammo_level":0},
 {"mbp_id":177, "monster_id":20, "body_part_id":"HL", "sever_level":0, "blunt_level":0, "ammo_level":0},
 {"mbp_id":178, "monster_id":20, "body_part_id":"B", "sever_level":0, "blunt_level":0, "ammo_level":0},
 {"mbp_id":179, "monster_id":20, "body_part_id":"T", "sever_level":0, "blunt_level":0, "ammo_level":0},
 {"mbp_id":180, "monster_id":20, "body_part_id":"W", "sever_level":0, "blunt_level":0, "ammo_level":0},
 {"mbp_id":181, "monster_id":21, "body_part_id":"He", "sever_level":2, "blunt_level":2, "ammo_level":2},
 {"mbp_id":182, "monster_id":21, "body_part_id":"Ho", "sever_level":0, "blunt_level":0, "ammo_level":0},
 {"mbp_id":183, "monster_id":21, "body_part_id":"M", "sever_level":3, "blunt_level":3, "ammo_level":3},
 {"mbp_id":184, "monster_id":21, "body_part_id":"C", "sever_level":3, "blunt_level":3, "ammo_level":3},
 {"mbp_id":185, "monster_id":21, "body_part_id":"FL", "sever_level":3, "blunt_level":3, "ammo_level":3},
 {"mbp_id":186, "monster_id":21, "body_part_id":"HL", "sever_level":3, "blunt_level":3, "ammo_level":3},
 {"mbp_id":187, "monster_id":21, "body_part_id":"B", "sever_level":3, "blunt_level":3, "ammo_level":3},
 {"mbp_id":188, "monster_id":21, "body_part_id":"T", "sever_level":3, "blunt_level":3, "ammo_level":3},
 {"mbp_id":189, "monster_id":21, "body_part_id":"W", "sever_level":3, "blunt_level":3, "ammo_level":3},
 {"mbp_id":190, "monster_id":22, "body_part_id":"He", "sever_level":3, "blunt_level":3, "ammo_level":3},
 {"mbp_id":191, "monster_id":22, "body_part_id":"Ho", "sever_level":0, "blunt_level":0, "ammo_level":0},
 {"mbp_id":192, "monster_id":22, "body_part_id":"M", "sever_level":0, "blunt_level":0, "ammo_level":0},
 {"mbp_id":193, "monster_id":22, "body_part_id":"C", "sever_level":0, "blunt_level":0, "ammo_level":0},
 {"mbp_id":194, "monster_id":22, "body_part_id":"FL", "sever_level":0, "blunt_level":0, "ammo_level":0},
 {"mbp_id":195, "monster_id":22, "body_part_id":"HL", "sever_level":0, "blunt_level":0, "ammo_level":0},
 {"mbp_id":196, "monster_id":22, "body_part_id":"B", "sever_level":0, "blunt_level":0, "ammo_level":0},
 {"mbp_id":197, "monster_id":22, "body_part_id":"T", "sever_level":0, "blunt_level":0, "ammo_level":0},
 {"mbp_id":198, "monster_id":22, "body_part_id":"W", "sever_level":0, "blunt_level":0, "ammo_level":0},
 {"mbp_id":199, "monster_id":23, "body_part_id":"He", "sever_level":3, "blunt_level":3, "ammo_level":3},
 {"mbp_id":200, "monster_id":23, "body_part_id":"Ho", "sever_level":0, "blunt_level":0, "ammo_level":0},
 {"mbp_id":201, "monster_id":23, "body_part_id":"M", "sever_level":0, "blunt_level":0, "ammo_level":0},
 {"mbp_id":202, "monster_id":23, "body_part_id":"C", "sever_level":0, "blunt_level":0, "ammo_level":0},
 {"mbp_id":203, "monster_id":23, "body_part_id":"FL", "sever_level":0, "blunt_level":0, "ammo_level":0},
 {"mbp_id":204, "monster_id":23, "body_part_id":"HL", "sever_level":0, "blunt_level":0, "ammo_level":0},
 {"mbp_id":205, "monster_id":23, "body_part_id":"B", "sever_level":0, "blunt_level":0, "ammo_level":0},
 {"mbp_id":206, "monster_id":23, "body_part_id":"T", "sever_level":0, "blunt_level":0, "ammo_level":0},
 {"mbp_id":207, "monster_id":23, "body_part_id":"W", "sever_level":0, "blunt_level":0, "ammo_level":0},
 {"mbp_id":208, "monster_id":24, "body_part_id":"He", "sever_level":3, "blunt_level":3, "ammo_level":3},
 {"mbp_id":209, "monster_id":24, "body_part_id":"Ho", "sever_level":0, "blunt_level":0, "ammo_level":0},
 {"mbp_id":210, "monster_id":24, "body_part_id":"M", "sever_level":0, "blunt_level":0, "ammo_level":0},
 {"mbp_id":211, "monster_id":24, "body_part_id":"C", "sever_level":0, "blunt_level":0, "ammo_level":0},
 {"mbp_id":212, "monster_id":24, "body_part_id":"FL", "sever_level":0, "blunt_level":0, "ammo_level":0},
 {"mbp_id":213, "monster_id":24, "body_part_id":"HL", "sever_level":0, "blunt_level":0, "ammo_level":0},
 {"mbp_id":214, "monster_id":24, "body_part_id":"B", "sever_level":0, "blunt_level":0, "ammo_level":0},
 {"mbp_id":215, "monster_id":24, "body_part_id":"T", "sever_level":0, "blunt_level":0, "ammo_level":0},
 {"mbp_id":216, "monster_id":24, "body_part_id":"W", "sever_level":0, "blunt_level":0, "ammo_level":0},
 {"mbp_id":217, "monster_id":25, "body_part_id":"He", "sever_level":3, "blunt_level":3, "ammo_level":3},
 {"mbp_id":218, "monster_id":25, "body_part_id":"Ho", "sever_level":0, "blunt_level":0, "ammo_level":0},
 {"mbp_id":219, "monster_id":25, "body_part_id":"M", "sever_level":0, "blunt_level":0, "ammo_level":0},
 {"mbp_id":220, "monster_id":25, "body_part_id":"C", "sever_level":0, "blunt_level":0, "ammo_level":0},
 {"mbp_id":221, "monster_id":25, "body_part_id":"FL", "sever_level":0, "blunt_level":0, "ammo_level":0},
 {"mbp_id":222, "monster_id":25, "body_part_id":"HL", "sever_level":0, "blunt_level":0, "ammo_level":0},
 {"mbp_id":223, "monster_id":25, "body_part_id":"B", "sever_level":0, "blunt_level":0, "ammo_level":0},
 {"mbp_id":224, "monster_id":25, "body_part_id":"T", "sever_level":0, "blunt_level":0, "ammo_level":0},
 {"mbp_id":225, "monster_id":25, "body_part_id":"W", "sever_level":0, "blunt_level":0, "ammo_level":0},
 {"mbp_id":226, "monster_id":26, "body_part_id":"He", "sever_level":3, "blunt_level":3, "ammo_level":3},
 {"mbp_id":227, "monster_id":26, "body_part_id":"Ho", "sever_level":0, "blunt_level":0, "ammo_level":0},
 {"mbp_id":228, "monster_id":26, "body_part_id":"M", "sever_level":0, "blunt_level":0, "ammo_level":0},
 {"mbp_id":229, "monster_id":26, "body_part_id":"C", "sever_level":0, "blunt_level":0, "ammo_level":0},
 {"mbp_id":230, "monster_id":26, "body_part_id":"FL", "sever_level":0, "blunt_level":0, "ammo_level":0},
 {"mbp_id":231, "monster_id":26, "body_part_id":"HL", "sever_level":0, "blunt_level":0, "ammo_level":0},
 {"mbp_id":232, "monster_id":26, "body_part_id":"B", "sever_level":0, "blunt_level":0, "ammo_level":0},
 {"mbp_id":233, "monster_id":26, "body_part_id":"T", "sever_level":0, "blunt_level":0, "ammo_level":0},
 {"mbp_id":234, "monster_id":26, "body_part_id":"W", "sever_level":0, "blunt_level":0, "ammo_level":0},
 {"mbp_id":235, "monster_id":27, "body_part_id":"He", "sever_level":3, "blunt_level":3, "ammo_level":3},
 {"mbp_id":236, "monster_id":27, "body_part_id":"Ho", "sever_level":0, "blunt_level":0, "ammo_level":0},
 {"mbp_id":237, "monster_id":27, "body_part_id":"M", "sever_level":0, "blunt_level":0, "ammo_level":0},
 {"mbp_id":238, "monster_id":27, "body_part_id":"C", "sever_level":0, "blunt_level":0, "ammo_level":0},
 {"mbp_id":239, "monster_id":27, "body_part_id":"FL", "sever_level":0, "blunt_level":0, "ammo_level":0},
 {"mbp_id":240, "monster_id":27, "body_part_id":"HL", "sever_level":0, "blunt_level":0, "ammo_level":0},
 {"mbp_id":241, "monster_id":27, "body_part_id":"B", "sever_level":0, "blunt_level":0, "ammo_level":0},
 {"mbp_id":242, "monster_id":27, "body_part_id":"T", "sever_level":0, "blunt_level":0, "ammo_level":0},
 {"mbp_id":243, "monster_id":27, "body_part_id":"W", "sever_level":0, "blunt_level":0, "ammo_level":0},
 {"mbp_id":244, "monster_id":28, "body_part_id":"He", "sever_level":2, "blunt_level":2, "ammo_level":2},
 {"mbp_id":245, "monster_id":28, "body_part_id":"Ho", "sever_level":0, "blunt_level":0, "ammo_level":0},
 {"mbp_id":246, "monster_id":28, "body_part_id":"M", "sever_level":0, "blunt_level":0, "ammo_level":0},
 {"mbp_id":247, "monster_id":28, "body_part_id":"C", "sever_level":0, "blunt_level":0, "ammo_level":0},
 {"mbp_id":248, "monster_id":28, "body_part_id":"FL", "sever_level":0, "blunt_level":0, "ammo_level":0},
 {"mbp_id":249, "monster_id":28, "body_part_id":"HL", "sever_level":0, "blunt_level":0, "ammo_level":0},
 {"mbp_id":250, "monster_id":28, "body_part_id":"B", "sever_level":0, "blunt_level":0, "ammo_level":0},
 {"mbp_id":251, "monster_id":28, "body_part_id":"T", "sever_level":0, "blunt_level":0, "ammo_level":0},
 {"mbp_id":252, "monster_id":28, "body_part_id":"W", "sever_level":0, "blunt_level":0, "ammo_level":0},
 {"mbp_id":253, "monster_id":29, "body_part_id":"He", "sever_level":3, "blunt_level":3, "ammo_level":3},
 {"mbp_id":254, "monster_id":29, "body_part_id":"Ho", "sever_level":0, "blunt_level":0, "ammo_level":0},
 {"mbp_id":255, "monster_id":29, "body_part_id":"M", "sever_level":0, "blunt_level":0, "ammo_level":0},
 {"mbp_id":256, "monster_id":29, "body_part_id":"C", "sever_level":0, "blunt_level":0, "ammo_level":0},
 {"mbp_id":257, "monster_id":29, "body_part_id":"FL", "sever_level":0, "blunt_level":0, "ammo_level":0},
 {"mbp_id":258, "monster_id":29, "body_part_id":"HL", "sever_level":0, "blunt_level":0, "ammo_level":0},
 {"mbp_id":259, "monster_id":29, "body_part_id":"B", "sever_level":0, "blunt_level":0, "ammo_level":0},
 {"mbp_id":260, "monster_id":29, "body_part_id":"T", "sever_level":0, "blunt_level":0, "ammo_level":0},
 {"mbp_id":261, "monster_id":29, "body_part_id":"W", "sever_level":0, "blunt_level":0, "ammo_level":0},
 {"mbp_id":262, "monster_id":30, "body_part_id":"He", "sever_level":3, "blunt_level":3, "ammo_level":3},
 {"mbp_id":263, "monster_id":30, "body_part_id":"Ho", "sever_level":0, "blunt_level":0, "ammo_level":0},
 {"mbp_id":264, "monster_id":30, "body_part_id":"M", "sever_level":0, "blunt_level":0, "ammo_level":0},
 {"mbp_id":265, "monster_id":30, "body_part_id":"C", "sever_level":0, "blunt_level":0, "ammo_level":0},
 {"mbp_id":266, "monster_id":30, "body_part_id":"FL", "sever_level":0, "blunt_level":0, "ammo_level":0},
 {"mbp_id":267, "monster_id":30, "body_part_id":"HL", "sever_level":0, "blunt_level":0, "ammo_level":0},
 {"mbp_id":268, "monster_id":30, "body_part_id":"B", "sever_level":0, "blunt_level":0, "ammo_level":0},
 {"mbp_id":269, "monster_id":30, "body_part_id":"T", "sever_level":0, "blunt_level":0, "ammo_level":0},
 {"mbp_id":270, "monster_id":30, "body_part_id":"W", "sever_level":0, "blunt_level":0, "ammo_level":0},
 {"mbp_id":271, "monster_id":31, "body_part_id":"He", "sever_level":2, "blunt_level":3, "ammo_level":2},
 {"mbp_id":272, "monster_id":31, "body_part_id":"Ho", "sever_level":0, "blunt_level":0, "ammo_level":0},
 {"mbp_id":273, "monster_id":31, "body_part_id":"M", "sever_level":0, "blunt_level":0, "ammo_level":0},
 {"mbp_id":274, "monster_id":31, "body_part_id":"C", "sever_level":0, "blunt_level":0, "ammo_level":0},
 {"mbp_id":275, "monster_id":31, "body_part_id":"FL", "sever_level":0, "blunt_level":0, "ammo_level":0},
 {"mbp_id":276, "monster_id":31, "body_part_id":"HL", "sever_level":0, "blunt_level":0, "ammo_level":0},
 {"mbp_id":277, "monster_id":31, "body_part_id":"B", "sever_level":0, "blunt_level":0, "ammo_level":0},
 {"mbp_id":278, "monster_id":31, "body_part_id":"T", "sever_level":0, "blunt_level":0, "ammo_level":0},
 {"mbp_id":279, "monster_id":31, "body_part_id":"W", "sever_level":0, "blunt_level":0, "ammo_level":0},
 {"mbp_id":280, "monster_id":32, "body_part_id":"He", "sever_level":3, "blunt_level":3, "ammo_level":3},
 {"mbp_id":281, "monster_id":32, "body_part_id":"Ho", "sever_level":0, "blunt_level":0, "ammo_level":0},
 {"mbp_id":282, "monster_id":32, "body_part_id":"M", "sever_level":0, "blunt_level":0, "ammo_level":0},
 {"mbp_id":283, "monster_id":32, "body_part_id":"C", "sever_level":0, "blunt_level":0, "ammo_level":0},
 {"mbp_id":284, "monster_id":32, "body_part_id":"FL", "sever_level":0, "blunt_level":0, "ammo_level":0},
 {"mbp_id":285, "monster_id":32, "body_part_id":"HL", "sever_level":0, "blunt_level":0, "ammo_level":0},
 {"mbp_id":286, "monster_id":32, "body_part_id":"B", "sever_level":0, "blunt_level":0, "ammo_level":0},
 {"mbp_id":287, "monster_id":32, "body_part_id":"T", "sever_level":0, "blunt_level":0, "ammo_level":0},
 {"mbp_id":288, "monster_id":32, "body_part_id":"W", "sever_level":0, "blunt_level":0, "ammo_level":0},
 {"mbp_id":289, "monster_id":33, "body_part_id":"He", "sever_level":1, "blunt_level":1, "ammo_level":1},
 {"mbp_id":290, "monster_id":33, "body_part_id":"Ho", "sever_level":0, "blunt_level":0, "ammo_level":0},
 {"mbp_id":291, "monster_id":33, "body_part_id":"M", "sever_level":3, "blunt_level":3, "ammo_level":3},
 {"mbp_id":292, "monster_id":33, "body_part_id":"C", "sever_level":3, "blunt_level":3, "ammo_level":3},
 {"mbp_id":293, "monster_id":33, "body_part_id":"FL", "sever_level":3, "blunt_level":3, "ammo_level":3},
 {"mbp_id":294, "monster_id":33, "body_part_id":"HL", "sever_level":3, "blunt_level":3, "ammo_level":3},
 {"mbp_id":295, "monster_id":33, "body_part_id":"B", "sever_level":3, "blunt_level":3, "ammo_level":3},
 {"mbp_id":296, "monster_id":33, "body_part_id":"T", "sever_level":3, "blunt_level":3, "ammo_level":3},
 {"mbp_id":297, "monster_id":33, "body_part_id":"W", "sever_level":3, "blunt_level":3, "ammo_level":3}]