[{"mew_id":1, "monster_id":1, "element_id":"F", "weakness_level":0, "is_alternative":"F"},
 {"mew_id":2, "monster_id":1, "element_id":"W", "weakness_level":3, "is_alternative":"F"},
 {"mew_id":3, "monster_id":1, "element_id":"T", "weakness_level":2, "is_alternative":"F"},
 {"mew_id":4, "monster_id":1, "element_id":"D", "weakness_level":2, "is_alternative":"F"},
 {"mew_id":5, "monster_id":1, "element_id":"I", "weakness_level":1, "is_alternative":"F"},
 {"mew_id":6, "monster_id":2, "element_id":"F", "weakness_level":0, "is_alternative":"F"},
 {"mew_id":7, "monster_id":2, "element_id":"W", "weakness_level":1, "is_alternative":"F"},
 {"mew_id":8, "monster_id":2, "element_id":"T", "weakness_level":1, "is_alternative":"F"},
 {"mew_id":9, "monster_id":2, "element_id":"D", "weakness_level":2, "is_alternative":"F"},
 {"mew_id":10, "monster_id":2, "element_id":"I", "weakness_level":3, "is_alternative":"F"},
 {"mew_id":11, "monster_id":3, "element_id":"F", "weakness_level":3, "is_alternative":"F"},
 {"mew_id":12, "monster_id":3, "element_id":"W", "weakness_level":0, "is_alternative":"F"},
 {"mew_id":13, "monster_id":3, "element_id":"T", "weakness_level":0, "is_alternative":"F"},
 {"mew_id":14, "monster_id":3, "element_id":"D", "weakness_level":2, "is_alternative":"F"},
 {"mew_id":15, "monster_id":3, "element_id":"I", "weakness_level":1, "is_alternative":"F"},
 {"mew_id":16, "monster_id":3, "element_id":"F", "weakness_level":0, "is_alternative":"T"},
 {"mew_id":17, "monster_id":3, "element_id":"W", "weakness_level":3, "is_alternative":"T"},
 {"mew_id":18, "monster_id":3, "element_id":"T", "weakness_level":0, "is_alternative":"T"},
 {"mew_id":19, "monster_id":3, "element_id":"D", "weakness_level":2, "is_alternative":"T"},
 {"mew_id":20, "monster_id":3, "element_id":"I", "weakness_level":1, "is_alternative":"T"},
 {"mew_id":21, "monster_id":4, "element_id":"F", "weakness_level":0, "is_alternative":"F"},
 {"mew_id":22, "monster_id":4, "element_id":"W", "weakness_level":1, "is_alternative":"F"},
 {"mew_id":23, "monster_id":4, "element_id":"T", "weakness_level":3, "is_alternative":"F"},
 {"mew_id":24, "monster_id":4, "element_id":"D", "weakness_level":2, "is_alternative":"F"},
 {"mew_id":25, "monster_id":4, "element_id":"I", "weakness_level":2, "is_alternative":"F"},
 {"mew_id":26, "monster_id":5, "element_id":"F", "weakness_level":0, "is_alternative":"F"},
 {"mew_id":27, "monster_id":5, "element_id":"W", "weakness_level":2, "is_alternative":"F"},
 {"mew_id":28, "monster_id":5, "element_id":"T", "weakness_level":1, "is_alternative":"F"},
 {"mew_id":29, "monster_id":5, "element_id":"D", "weakness_level":3, "is_alternative":"F"},
 {"mew_id":30, "monster_id":5, "element_id":"I", "weakness_level":0, "is_alternative":"F"},
 {"mew_id":31, "monster_id":6, "element_id":"F", "weakness_level":2, "is_alternative":"F"},
 {"mew_id":32, "monster_id":6, "element_id":"W", "weakness_level":2, "is_alternative":"F"},
 {"mew_id":33, "monster_id":6, "element_id":"T", "weakness_level":3, "is_alternative":"F"},
 {"mew_id":34, "monster_id":6, "element_id":"D", "weakness_level":1, "is_alternative":"F"},
 {"mew_id":35, "monster_id":6, "element_id":"I", "weakness_level":3, "is_alternative":"F"},
 {"mew_id":36, "monster_id":7, "element_id":"F", "weakness_level":0, "is_alternative":"F"},
 {"mew_id":37, "monster_id":7, "element_id":"W", "weakness_level":2, "is_alternative":"F"},
 {"mew_id":38, "monster_id":7, "element_id":"T", "weakness_level":1, "is_alternative":"F"},
 {"mew_id":39, "monster_id":7, "element_id":"D", "weakness_level":3, "is_alternative":"F"},
 {"mew_id":40, "monster_id":7, "element_id":"I", "weakness_level":2, "is_alternative":"F"},
 {"mew_id":41, "monster_id":8, "element_id":"F", "weakness_level":0, "is_alternative":"F"},
 {"mew_id":42, "monster_id":8, "element_id":"W", "weakness_level":2, "is_alternative":"F"},
 {"mew_id":43, "monster_id":8, "element_id":"T", "weakness_level":3, "is_alternative":"F"},
 {"mew_id":44, "monster_id":8, "element_id":"D", "weakness_level":2, "is_alternative":"F"},
 {"mew_id":45, "monster_id":8, "element_id":"I", "weakness_level":1, "is_alternative":"F"},
 {"mew_id":46, "monster_id":9, "element_id":"F", "weakness_level":3, "is_alternative":"F"},
 {"mew_id":47, "monster_id":9, "element_id":"W", "weakness_level":2, "is_alternative":"F"},
 {"mew_id":48, "monster_id":9, "element_id":"T", "weakness_level":0, "is_alternative":"F"},
 {"mew_id":49, "monster_id":9, "element_id":"D", "weakness_level":2, "is_alternative":"F"},
 {"mew_id":50, "monster_id":9, "element_id":"I", "weakness_level":1, "is_alternative":"F"},
 {"mew_id":51, "monster_id":10, "element_id":"F", "weakness_level":3, "is_alternative":"F"},
 {"mew_id":52, "monster_id":10, "element_id":"W", "weakness_level":0, "is_alternative":"F"},
 {"mew_id":53, "monster_id":10, "element_id":"T", "weakness_level":2, "is_alternative":"F"},
 {"mew_id":54, "monster_id":10, "element_id":"D", "weakness_level":2, "is_alternative":"F"},
 {"mew_id":55, "monster_id":10, "element_id":"I", "weakness_level":1, "is_alternative":"F"},
 {"mew_id":56, "monster_id":11, "element_id":"F", "weakness_level":1, "is_alternative":"F"},
 {"mew_id":57, "monster_id":11, "element_id":"W", "weakness_level":0, "is_alternative":"F"},
 {"mew_id":58, "monster_id":11, "element_id":"T", "weakness_level":3, "is_alternative":"F"},
 {"mew_id":59, "monster_id":11, "element_id":"D", "weakness_level":1, "is_alternative":"F"},
 {"mew_id":60, "monster_id":11, "element_id":"I", "weakness_level":1, "is_alternative":"F"},
 {"mew_id":61, "monster_id":11, "element_id":"F", "weakness_level":0, "is_alternative":"T"},
 {"mew_id":62, "monster_id":11, "element_id":"W", "weakness_level":3, "is_alternative":"T"},
 {"mew_id":63, "monster_id":11, "element_id":"T", "weakness_level":0, "is_alternative":"T"},
 {"mew_id":64, "monster_id":11, "element_id":"D", "weakness_level":1, "is_alternative":"T"},
 {"mew_id":65, "monster_id":11, "element_id":"I", "weakness_level":1, "is_alternative":"T"},
 {"mew_id":66, "monster_id":12, "element_id":"F", "weakness_level":3, "is_alternative":"F"},
 {"mew_id":67, "monster_id":12, "element_id":"W", "weakness_level":2, "is_alternative":"F"},
 {"mew_id":68, "monster_id":12, "element_id":"T", "weakness_level":0, "is_alternative":"F"},
 {"mew_id":69, "monster_id":12, "element_id":"D", "weakness_level":2, "is_alternative":"F"},
 {"mew_id":70, "monster_id":12, "element_id":"I", "weakness_level":1, "is_alternative":"F"},
 {"mew_id":71, "monster_id":13, "element_id":"F", "weakness_level":2, "is_alternative":"F"},
 {"mew_id":72, "monster_id":13, "element_id":"W", "weakness_level":3, "is_alternative":"F"},
 {"mew_id":73, "monster_id":13, "element_id":"T", "weakness_level":2, "is_alternative":"F"},
 {"mew_id":74, "monster_id":13, "element_id":"D", "weakness_level":2, "is_alternative":"F"},
 {"mew_id":75, "monster_id":13, "element_id":"I", "weakness_level":2, "is_alternative":"F"},
 {"mew_id":76, "monster_id":14, "element_id":"F", "weakness_level":0, "is_alternative":"F"},
 {"mew_id":77, "monster_id":14, "element_id":"W", "weakness_level":1, "is_alternative":"F"},
 {"mew_id":78, "monster_id":14, "element_id":"T", "weakness_level":0, "is_alternative":"F"},
 {"mew_id":79, "monster_id":14, "element_id":"D", "weakness_level":3, "is_alternative":"F"},
 {"mew_id":80, "monster_id":14, "element_id":"I", "weakness_level":2, "is_alternative":"F"},
 {"mew_id":81, "monster_id":14, "element_id":"F", "weakness_level":1, "is_alternative":"T"},
 {"mew_id":82, "monster_id":14, "element_id":"W", "weakness_level":2, "is_alternative":"T"},
 {"mew_id":83, "monster_id":14, "element_id":"T", "weakness_level":3, "is_alternative":"T"},
 {"mew_id":84, "monster_id":14, "element_id":"D", "weakness_level":0, "is_alternative":"T"},
 {"mew_id":85, "monster_id":14, "element_id":"I", "weakness_level":1, "is_alternative":"T"},
 {"mew_id":86, "monster_id":15, "element_id":"F", "weakness_level":1, "is_alternative":"F"},
 {"mew_id":87, "monster_id":15, "element_id":"W", "weakness_level":0, "is_alternative":"F"},
 {"mew_id":88, "monster_id":15, "element_id":"T", "weakness_level":3, "is_alternative":"F"},
 {"mew_id":89, "monster_id":15, "element_id":"D", "weakness_level":0, "is_alternative":"F"},
 {"mew_id":90, "monster_id":15, "element_id":"I", "weakness_level":2, "is_alternative":"F"},
 {"mew_id":91, "monster_id":16, "element_id":"F", "weakness_level":0, "is_alternative":"F"},
 {"mew_id":92, "monster_id":16, "element_id":"W", "weakness_level":3, "is_alternative":"F"},
 {"mew_id":93, "monster_id":16, "element_id":"T", "weakness_level":2, "is_alternative":"F"},
 {"mew_id":94, "monster_id":16, "element_id":"D", "weakness_level":2, "is_alternative":"F"},
 {"mew_id":95, "monster_id":16, "element_id":"I", "weakness_level":1, "is_alternative":"F"},
 {"mew_id":96, "monster_id":16, "element_id":"F", "weakness_level":1, "is_alternative":"T"},
 {"mew_id":97, "monster_id":16, "element_id":"W", "weakness_level":2, "is_alternative":"T"},
 {"mew_id":98, "monster_id":16, "element_id":"T", "weakness_level":0, "is_alternative":"T"},
 {"mew_id":99, "monster_id":16, "element_id":"D", "weakness_level":0, "is_alternative":"T"},
 {"mew_id":100, "monster_id":16, "element_id":"I", "weakness_level":1, "is_alternative":"T"},
 {"mew_id":101, "monster_id":17, "element_id":"F", "weakness_level":2, "is_alternative":"F"},
 {"mew_id":102, "monster_id":17, "element_id":"W", "weakness_level":1, "is_alternative":"F"},
 {"mew_id":103, "monster_id":17, "element_id":"T", "weakness_level":3, "is_alternative":"F"},
 {"mew_id":104, "monster_id":17, "element_id":"D", "weakness_level":0, "is_alternative":"F"},
 {"mew_id":105, "monster_id":17, "element_id":"I", "weakness_level":1, "is_alternative":"F"},
 {"mew_id":106, "monster_id":18, "element_id":"F", "weakness_level":0, "is_alternative":"F"},
 {"mew_id":107, "monster_id":18, "element_id":"W", "weakness_level":1, "is_alternative":"F"},
 {"mew_id":108, "monster_id":18, "element_id":"T", "weakness_level":1, "is_alternative":"F"},
 {"mew_id":109, "monster_id":18, "element_id":"D", "weakness_level":3, "is_alternative":"F"},
 {"mew_id":110, "monster_id":18, "element_id":"I", "weakness_level":2, "is_alternative":"F"},
 {"mew_id":111, "monster_id":19, "element_id":"F", "weakness_level":1, "is_alternative":"F"},
 {"mew_id":112, "monster_id":19, "element_id":"W", "weakness_level":1, "is_alternative":"F"},
 {"mew_id":113, "monster_id":19, "element_id":"T", "weakness_level":3, "is_alternative":"F"},
 {"mew_id":114, "monster_id":19, "element_id":"D", "weakness_level":1, "is_alternative":"F"},
 {"mew_id":115, "monster_id":19, "element_id":"I", "weakness_level":2, "is_alternative":"F"},
 {"mew_id":116, "monster_id":20, "element_id":"F", "weakness_level":1, "is_alternative":"F"},
 {"mew_id":117, "monster_id":20, "element_id":"W", "weakness_level":1, "is_alternative":"F"},
 {"mew_id":118, "monster_id":20, "element_id":"T", "weakness_level":2, "is_alternative":"F"},
 {"mew_id":119, "monster_id":20, "element_id":"D", "weakness_level":3, "is_alternative":"F"},
 {"mew_id":120, "monster_id":20, "element_id":"I", "weakness_level":0, "is_alternative":"F"},
 {"mew_id":121, "monster_id":21, "element_id":"F", "weakness_level":3, "is_alternative":"F"},
 {"mew_id":122, "monster_id":21, "element_id":"W", "weakness_level":0, "is_alternative":"F"},
 {"mew_id":123, "monster_id":21, "element_id":"T", "weakness_level":2, "is_alternative":"F"},
 {"mew_id":124, "monster_id":21, "element_id":"D", "weakness_level":1, "is_alternative":"F"},
 {"mew_id":125, "monster_id":21, "element_id":"I", "weakness_level":1, "is_alternative":"F"},
 {"mew_id":126, "monster_id":22, "element_id":"F", "weakness_level":0, "is_alternative":"F"},
 {"mew_id":127, "monster_id":22, "element_id":"W", "weakness_level":1, "is_alternative":"F"},
 {"mew_id":128, "monster_id":22, "element_id":"T", "weakness_level":2, "is_alternative":"F"},
 {"mew_id":129, "monster_id":22, "element_id":"D", "weakness_level":1, "is_alternative":"F"},
 {"mew_id":130, "monster_id":22, "element_id":"I", "weakness_level":3, "is_alternative":"F"},
 {"mew_id":131, "monster_id":23, "element_id":"F", "weakness_level":2, "is_alternative":"F"},
 {"mew_id":132, "monster_id":23, "element_id":"W", "weakness_level":0, "is_alternative":"F"},
 {"mew_id":133, "monster_id":23, "element_id":"T", "weakness_level":3, "is_alternative":"F"},
 {"mew_id":134, "monster_id":23, "element_id":"D", "weakness_level":2, "is_alternative":"F"},
 {"mew_id":135, "monster_id":23, "element_id":"I", "weakness_level":1, "is_alternative":"F"},
 {"mew_id":136, "monster_id":24, "element_id":"F", "weakness_level":1, "is_alternative":"F"},
 {"mew_id":137, "monster_id":24, "element_id":"W", "weakness_level":1, "is_alternative":"F"},
 {"mew_id":138, "monster_id":24, "element_id":"T", "weakness_level":1, "is_alternative":"F"},
 {"mew_id":139, "monster_id":24, "element_id":"D", "weakness_level":2, "is_alternative":"F"},
 {"mew_id":140, "monster_id":24, "element_id":"I", "weakness_level":3, "is_alternative":"F"},
 {"mew_id":141, "monster_id":25, "element_id":"F", "weakness_level":0, "is_alternative":"F"},
 {"mew_id":142, "monster_id":25, "element_id":"W", "weakness_level":1, "is_alternative":"F"},
 {"mew_id":143, "monster_id":25, "element_id":"T", "weakness_level":2, "is_alternative":"F"},
 {"mew_id":144, "monster_id":25, "element_id":"D", "weakness_level":1, "is_alternative":"F"},
 {"mew_id":145, "monster_id":25, "element_id":"I", "weakness_level":3, "is_alternative":"F"},
 {"mew_id":146, "monster_id":26, "element_id":"F", "weakness_level":0, "is_alternative":"F"},
 {"mew_id":147, "monster_id":26, "element_id":"W", "weakness_level":1, "is_alternative":"F"},
 {"mew_id":148, "monster_id":26, "element_id":"T", "weakness_level":2, "is_alternative":"F"},
 {"mew_id":149, "monster_id":26, "element_id":"D", "weakness_level":1, "is_alternative":"F"},
 {"mew_id":150, "monster_id":26, "element_id":"I", "weakness_level":3, "is_alternative":"F"},
 {"mew_id":151, "monster_id":27, "element_id":"F", "weakness_level":0, "is_alternative":"F"},
 {"mew_id":152, "monster_id":27, "element_id":"W", "weakness_level":3, "is_alternative":"F"},
 {"mew_id":153, "monster_id":27, "element_id":"T", "weakness_level":1, "is_alternative":"F"},
 {"mew_id":154, "monster_id":27, "element_id":"D", "weakness_level":3, "is_alternative":"F"},
 {"mew_id":155, "monster_id":27, "element_id":"I", "weakness_level":1, "is_alternative":"F"},
 {"mew_id":156, "monster_id":28, "element_id":"F", "weakness_level":2, "is_alternative":"F"},
 {"mew_id":157, "monster_id":28, "element_id":"W", "weakness_level":3, "is_alternative":"F"},
 {"mew_id":158, "monster_id":28, "element_id":"T", "weakness_level":0, "is_alternative":"F"},
 {"mew_id":159, "monster_id":28, "element_id":"D", "weakness_level":2, "is_alternative":"F"},
 {"mew_id":160, "monster_id":28, "element_id":"I", "weakness_level":1, "is_alternative":"F"},
 {"mew_id":161, "monster_id":29, "element_id":"F", "weakness_level":2, "is_alternative":"F"},
 {"mew_id":162, "monster_id":29, "element_id":"W", "weakness_level":2, "is_alternative":"F"},
 {"mew_id":163, "monster_id":29, "element_id":"T", "weakness_level":3, "is_alternative":"F"},
 {"mew_id":164, "monster_id":29, "element_id":"D", "weakness_level":3, "is_alternative":"F"},
 {"mew_id":165, "monster_id":29, "element_id":"I", "weakness_level":2, "is_alternative":"F"},
 {"mew_id":166, "monster_id":30, "element_id":"F", "weakness_level":0, "is_alternative":"F"},
 {"mew_id":167, "monster_id":30, "element_id":"W", "weakness_level":3, "is_alternative":"F"},
 {"mew_id":168, "monster_id":30, "element_id":"T", "weakness_level":1, "is_alternative":"F"},
 {"mew_id":169, "monster_id":30, "element_id":"D", "weakness_level":2, "is_alternative":"F"},
 {"mew_id":170, "monster_id":30, "element_id":"I", "weakness_level":2, "is_alternative":"F"},
 {"mew_id":171, "monster_id":31, "element_id":"F", "weakness_level":3, "is_alternative":"F"},
 {"mew_id":172, "monster_id":31, "element_id":"W", "weakness_level":0, "is_alternative":"F"},
 {"mew_id":173, "monster_id":31, "element_id":"T", "weakness_level":1, "is_alternative":"F"},
 {"mew_id":174, "monster_id":31, "element_id":"D", "weakness_level":2, "is_alternative":"F"},
 {"mew_id":175, "monster_id":31, "element_id":"I", "weakness_level":3, "is_alternative":"F"},
 {"mew_id":176, "monster_id":32, "element_id":"F", "weakness_level":2, "is_alternative":"F"},
 {"mew_id":177, "monster_id":32, "element_id":"W", "weakness_level":2, "is_alternative":"F"},
 {"mew_id":178, "monster_id":32, "element_id":"T", "weakness_level":2, "is_alternative":"F"},
 {"mew_id":179, "monster_id":32, "element_id":"D", "weakness_level":2, "is_alternative":"F"},
 {"mew_id":180, "monster_id":32, "element_id":"I", "weakness_level":2, "is_alternative":"F"},
 {"mew_id":181, "monster_id":33, "element_id":"F", "weakness_level":0, "is_alternative":"F"},
 {"mew_id":182, "monster_id":33, "element_id":"W", "weakness_level":3, "is_alternative":"F"},
 {"mew_id":183, "monster_id":33, "element_id":"T", "weakness_level":1, "is_alternative":"F"},
 {"mew_id":184, "monster_id":33, "element_id":"D", "weakness_level":2, "is_alternative":"F"},
 {"mew_id":185, "monster_id":33, "element_id":"I", "weakness_level":3, "is_alternative":"F"}]