[{"maw_id":1, "monster_id":1, "ailment_id":"poi", "weakness_level":2},
 {"maw_id":2, "monster_id":1, "ailment_id":"sle", "weakness_level":2},
 {"maw_id":3, "monster_id":1, "ailment_id":"par", "weakness_level":2},
 {"maw_id":4, "monster_id":1, "ailment_id":"bla", "weakness_level":1},
 {"maw_id":5, "monster_id":1, "ailment_id":"stu", "weakness_level":2},
 {"maw_id":6, "monster_id":2, "ailment_id":"poi", "weakness_level":1},
 {"maw_id":7, "monster_id":2, "ailment_id":"sle", "weakness_level":2},
 {"maw_id":8, "monster_id":2, "ailment_id":"par", "weakness_level":2},
 {"maw_id":9, "monster_id":2, "ailment_id":"bla", "weakness_level":1},
 {"maw_id":10, "monster_id":2, "ailment_id":"stu", "weakness_level":2},
 {"maw_id":11, "monster_id":3, "ailment_id":"poi", "weakness_level":3},
 {"maw_id":12, "monster_id":3, "ailment_id":"sle", "weakness_level":2},
 {"maw_id":13, "monster_id":3, "ailment_id":"par", "weakness_level":3},
 {"maw_id":14, "monster_id":3, "ailment_id":"bla", "weakness_level":3},
 {"maw_id":15, "monster_id":3, "ailment_id":"stu", "weakness_level":1},
 {"maw_id":16, "monster_id":4, "ailment_id":"poi", "weakness_level":2},
 {"maw_id":17, "monster_id":4, "ailment_id":"sle", "weakness_level":2},
 {"maw_id":18, "monster_id":4, "ailment_id":"par", "weakness_level":2},
 {"maw_id":19, "monster_id":4, "ailment_id":"bla", "weakness_level":1},
 {"maw_id":20, "monster_id":4, "ailment_id":"stu", "weakness_level":1},
 {"maw_id":21, "monster_id":5, "ailment_id":"poi", "weakness_level":2},
 {"maw_id":22, "monster_id":5, "ailment_id":"sle", "weakness_level":2},
 {"maw_id":23, "monster_id":5, "ailment_id":"par", "weakness_level":3},
 {"maw_id":24, "monster_id":5, "ailment_id":"bla", "weakness_level":2},
 {"maw_id":25, "monster_id":5, "ailment_id":"stu", "weakness_level":1},
 {"maw_id":26, "monster_id":6, "ailment_id":"poi", "weakness_level":2},
 {"maw_id":27, "monster_id":6, "ailment_id":"sle", "weakness_level":2},
 {"maw_id":28, "monster_id":6, "ailment_id":"par", "weakness_level":2},
 {"maw_id":29, "monster_id":6, "ailment_id":"bla", "weakness_level":2},
 {"maw_id":30, "monster_id":6, "ailment_id":"stu", "weakness_level":2},
 {"maw_id":31, "monster_id":7, "ailment_id":"poi", "weakness_level":2},
 {"maw_id":32, "monster_id":7, "ailment_id":"sle", "weakness_level":2},
 {"maw_id":33, "monster_id":7, "ailment_id":"par", "weakness_level":3},
 {"maw_id":34, "monster_id":7, "ailment_id":"bla", "weakness_level":2},
 {"maw_id":35, "monster_id":7, "ailment_id":"stu", "weakness_level":1},
 {"maw_id":36, "monster_id":8, "ailment_id":"poi", "weakness_level":3},
 {"maw_id":37, "monster_id":8, "ailment_id":"sle", "weakness_level":2},
 {"maw_id":38, "monster_id":8, "ailment_id":"par", "weakness_level":2},
 {"maw_id":39, "monster_id":8, "ailment_id":"bla", "weakness_level":1},
 {"maw_id":40, "monster_id":8, "ailment_id":"stu", "weakness_level":2},
 {"maw_id":41, "monster_id":9, "ailment_id":"poi", "weakness_level":2},
 {"maw_id":42, "monster_id":9, "ailment_id":"sle", "weakness_level":3},
 {"maw_id":43, "monster_id":9, "ailment_id":"par", "weakness_level":1},
 {"maw_id":44, "monster_id":9, "ailment_id":"bla", "weakness_level":2},
 {"maw_id":45, "monster_id":9, "ailment_id":"stu", "weakness_level":2},
 {"maw_id":46, "monster_id":10, "ailment_id":"poi", "weakness_level":3},
 {"maw_id":47, "monster_id":10, "ailment_id":"sle", "weakness_level":3},
 {"maw_id":48, "monster_id":10, "ailment_id":"par", "weakness_level":3},
 {"maw_id":49, "monster_id":10, "ailment_id":"bla", "weakness_level":3},
 {"maw_id":50, "monster_id":10, "ailment_id":"stu", "weakness_level":3},
 {"maw_id":51, "monster_id":11, "ailment_id":"poi", "weakness_level":3},
 {"maw_id":52, "monster_id":11, "ailment_id":"sle", "weakness_level":2},
 {"maw_id":53, "monster_id":11, "ailment_id":"par", "weakness_level":2},
 {"maw_id":54, "monster_id":11, "ailment_id":"bla", "weakness_level":1},
 {"maw_id":55, "monster_id":11, "ailment_id":"stu", "weakness_level":2},
 {"maw_id":56, "monster_id":12, "ailment_id":"poi", "weakness_level":1},
 {"maw_id":57, "monster_id":12, "ailment_id":"sle", "weakness_level":2},
 {"maw_id":58, "monster_id":12, "ailment_id":"par", "weakness_level":0},
 {"maw_id":59, "monster_id":12, "ailment_id":"bla", "weakness_level":2},
 {"maw_id":60, "monster_id":12, "ailment_id":"stu", "weakness_level":1},
 {"maw_id":61, "monster_id":13, "ailment_id":"poi", "weakness_level":2},
 {"maw_id":62, "monster_id":13, "ailment_id":"sle", "weakness_level":2},
 {"maw_id":63, "monster_id":13, "ailment_id":"par", "weakness_level":2},
 {"maw_id":64, "monster_id":13, "ailment_id":"bla", "weakness_level":2},
 {"maw_id":65, "monster_id":13, "ailment_id":"stu", "weakness_level":2},
 {"maw_id":66, "monster_id":14, "ailment_id":"poi", "weakness_level":1},
 {"maw_id":67, "monster_id":14, "ailment_id":"sle", "weakness_level":1},
 {"maw_id":68, "monster_id":14, "ailment_id":"par", "weakness_level":1},
 {"maw_id":69, "monster_id":14, "ailment_id":"bla", "weakness_level":1},
 {"maw_id":70, "monster_id":14, "ailment_id":"stu", "weakness_level":1},
 {"maw_id":71, "monster_id":15, "ailment_id":"poi", "weakness_level":3},
 {"maw_id":72, "monster_id":15, "ailment_id":"sle", "weakness_level":1},
 {"maw_id":73, "monster_id":15, "ailment_id":"par", "weakness_level":1},
 {"maw_id":74, "monster_id":15, "ailment_id":"bla", "weakness_level":3},
 {"maw_id":75, "monster_id":15, "ailment_id":"stu", "weakness_level":2},
 {"maw_id":76, "monster_id":16, "ailment_id":"poi", "weakness_level":3},
 {"maw_id":77, "monster_id":16, "ailment_id":"sle", "weakness_level":1},
 {"maw_id":78, "monster_id":16, "ailment_id":"par", "weakness_level":2},
 {"maw_id":79, "monster_id":16, "ailment_id":"bla", "weakness_level":1},
 {"maw_id":80, "monster_id":16, "ailment_id":"stu", "weakness_level":2},
 {"maw_id":81, "monster_id":17, "ailment_id":"poi", "weakness_level":3},
 {"maw_id":82, "monster_id":17, "ailment_id":"sle", "weakness_level":2},
 {"maw_id":83, "monster_id":17, "ailment_id":"par", "weakness_level":2},
 {"maw_id":84, "monster_id":17, "ailment_id":"bla", "weakness_level":2},
 {"maw_id":85, "monster_id":17, "ailment_id":"stu", "weakness_level":2},
 {"maw_id":86, "monster_id":18, "ailment_id":"poi", "weakness_level":1},
 {"maw_id":87, "monster_id":18, "ailment_id":"sle", "weakness_level":1},
 {"maw_id":88, "monster_id":18, "ailment_id":"par", "weakness_level":1},
 {"maw_id":89, "monster_id":18, "ailment_id":"bla", "weakness_level":2},
 {"maw_id":90, "monster_id":18, "ailment_id":"stu", "weakness_level":2},
 {"maw_id":91, "monster_id":19, "ailment_id":"poi", "weakness_level":2},
 {"maw_id":92, "monster_id":19, "ailment_id":"sle", "weakness_level":2},
 {"maw_id":93, "monster_id":19, "ailment_id":"par", "weakness_level":2},
 {"maw_id":94, "monster_id":19, "ailment_id":"bla", "weakness_level":2},
 {"maw_id":95, "monster_id":19, "ailment_id":"stu", "weakness_level":2},
 {"maw_id":96, "monster_id":20, "ailment_id":"poi", "weakness_level":1},
 {"maw_id":97, "monster_id":20, "ailment_id":"sle", "weakness_level":2},
 {"maw_id":98, "monster_id":20, "ailment_id":"par", "weakness_level":3},
 {"maw_id":99, "monster_id":20, "ailment_id":"bla", "weakness_level":2},
 {"maw_id":100, "monster_id":20, "ailment_id":"stu", "weakness_level":2},
 {"maw_id":101, "monster_id":21, "ailment_id":"poi", "weakness_level":2},
 {"maw_id":102, "monster_id":21, "ailment_id":"sle", "weakness_level":2},
 {"maw_id":103, "monster_id":21, "ailment_id":"par", "weakness_level":2},
 {"maw_id":104, "monster_id":21, "ailment_id":"bla", "weakness_level":3},
 {"maw_id":105, "monster_id":21, "ailment_id":"stu", "weakness_level":3},
 {"maw_id":106, "monster_id":22, "ailment_id":"poi", "weakness_level":1},
 {"maw_id":107, "monster_id":22, "ailment_id":"sle", "weakness_level":2},
 {"maw_id":108, "monster_id":22, "ailment_id":"par", "weakness_level":2},
 {"maw_id":109, "monster_id":22, "ailment_id":"bla", "weakness_level":1},
 {"maw_id":110, "monster_id":22, "ailment_id":"stu", "weakness_level":3},
 {"maw_id":111, "monster_id":23, "ailment_id":"poi", "weakness_level":1},
 {"maw_id":112, "monster_id":23, "ailment_id":"sle", "weakness_level":3},
 {"maw_id":113, "monster_id":23, "ailment_id":"par", "weakness_level":3},
 {"maw_id":114, "monster_id":23, "ailment_id":"bla", "weakness_level":2},
 {"maw_id":115, "monster_id":23, "ailment_id":"stu", "weakness_level":2},
 {"maw_id":116, "monster_id":24, "ailment_id":"poi", "weakness_level":2},
 {"maw_id":117, "monster_id":24, "ailment_id":"sle", "weakness_level":1},
 {"maw_id":118, "monster_id":24, "ailment_id":"par", "weakness_level":2},
 {"maw_id":119, "monster_id":24, "ailment_id":"bla", "weakness_level":3},
 {"maw_id":120, "monster_id":24, "ailment_id":"stu", "weakness_level":2},
 {"maw_id":121, "monster_id":25, "ailment_id":"poi", "weakness_level":1},
 {"maw_id":122, "monster_id":25, "ailment_id":"sle", "weakness_level":2},
 {"maw_id":123, "monster_id":25, "ailment_id":"par", "weakness_level":2},
 {"maw_id":124, "monster_id":25, "ailment_id":"bla", "weakness_level":1},
 {"maw_id":125, "monster_id":25, "ailment_id":"stu", "weakness_level":2},
 {"maw_id":126, "monster_id":26, "ailment_id":"poi", "weakness_level":1},
 {"maw_id":127, "monster_id":26, "ailment_id":"sle", "weakness_level":2},
 {"maw_id":128, "monster_id":26, "ailment_id":"par", "weakness_level":2},
 {"maw_id":129, "monster_id":26, "ailment_id":"bla", "weakness_level":1},
 {"maw_id":130, "monster_id":26, "ailment_id":"stu", "weakness_level":3},
 {"maw_id":131, "monster_id":27, "ailment_id":"poi", "weakness_level":2},
 {"maw_id":132, "monster_id":27, "ailment_id":"sle", "weakness_level":1},
 {"maw_id":133, "monster_id":27, "ailment_id":"par", "weakness_level":1},
 {"maw_id":134, "monster_id":27, "ailment_id":"bla", "weakness_level":1},
 {"maw_id":135, "monster_id":27, "ailment_id":"stu", "weakness_level":2},
 {"maw_id":136, "monster_id":28, "ailment_id":"poi", "weakness_level":3},
 {"maw_id":137, "monster_id":28, "ailment_id":"sle", "weakness_level":2},
 {"maw_id":138, "monster_id":28, "ailment_id":"par", "weakness_level":2},
 {"maw_id":139, "monster_id":28, "ailment_id":"bla", "weakness_level":2},
 {"maw_id":140, "monster_id":28, "ailment_id":"stu", "weakness_level":2},
 {"maw_id":141, "monster_id":29, "ailment_id":"poi", "weakness_level":2},
 {"maw_id":142, "monster_id":29, "ailment_id":"sle", "weakness_level":2},
 {"maw_id":143, "monster_id":29, "ailment_id":"par", "weakness_level":2},
 {"maw_id":144, "monster_id":29, "ailment_id":"bla", "weakness_level":2},
 {"maw_id":145, "monster_id":29, "ailment_id":"stu", "weakness_level":2},
 {"maw_id":146, "monster_id":30, "ailment_id":"poi", "weakness_level":3},
 {"maw_id":147, "monster_id":30, "ailment_id":"sle", "weakness_level":1},
 {"maw_id":148, "monster_id":30, "ailment_id":"par", "weakness_level":2},
 {"maw_id":149, "monster_id":30, "ailment_id":"bla", "weakness_level":2},
 {"maw_id":150, "monster_id":30, "ailment_id":"stu", "weakness_level":3},
 {"maw_id":151, "monster_id":31, "ailment_id":"poi", "weakness_level":1},
 {"maw_id":152, "monster_id":31, "ailment_id":"sle", "weakness_level":1},
 {"maw_id":153, "monster_id":31, "ailment_id":"par", "weakness_level":1},
 {"maw_id":154, "monster_id":31, "ailment_id":"bla", "weakness_level":2},
 {"maw_id":155, "monster_id":31, "ailment_id":"stu", "weakness_level":2},
 {"maw_id":156, "monster_id":32, "ailment_id":"poi", "weakness_level":3},
 {"maw_id":157, "monster_id":32, "ailment_id":"sle", "weakness_level":0},
 {"maw_id":158, "monster_id":32, "ailment_id":"par", "weakness_level":1},
 {"maw_id":159, "monster_id":32, "ailment_id":"bla", "weakness_level":2},
 {"maw_id":160, "monster_id":32, "ailment_id":"stu", "weakness_level":1},
 {"maw_id":161, "monster_id":33, "ailment_id":"poi", "weakness_level":0},
 {"maw_id":162, "monster_id":33, "ailment_id":"sle", "weakness_level":0},
 {"maw_id":163, "monster_id":33, "ailment_id":"par", "weakness_level":0},
 {"maw_id":164, "monster_id":33, "ailment_id":"bla", "weakness_level":0},
 {"maw_id":165, "monster_id":33, "ailment_id":"stu", "weakness_level":0}]