[{"mm_id":16, "monster_id":1, "material_id":168},
 {"mm_id":17, "monster_id":1, "material_id":158},
 {"mm_id":18, "monster_id":1, "material_id":159},
 {"mm_id":19, "monster_id":1, "material_id":160},
 {"mm_id":20, "monster_id":1, "material_id":161},
 {"mm_id":21, "monster_id":1, "material_id":162},
 {"mm_id":22, "monster_id":1, "material_id":163},
 {"mm_id":23, "monster_id":1, "material_id":164},
 {"mm_id":24, "monster_id":1, "material_id":165},
 {"mm_id":25, "monster_id":1, "material_id":166},
 {"mm_id":26, "monster_id":1, "material_id":167},
 {"mm_id":27, "monster_id":2, "material_id":171},
 {"mm_id":28, "monster_id":2, "material_id":172},
 {"mm_id":29, "monster_id":2, "material_id":173},
 {"mm_id":30, "monster_id":2, "material_id":174},
 {"mm_id":31, "monster_id":3, "material_id":184},
 {"mm_id":32, "monster_id":3, "material_id":185},
 {"mm_id":33, "monster_id":3, "material_id":177},
 {"mm_id":34, "monster_id":3, "material_id":178},
 {"mm_id":35, "monster_id":3, "material_id":179},
 {"mm_id":36, "monster_id":3, "material_id":180},
 {"mm_id":37, "monster_id":3, "material_id":181},
 {"mm_id":38, "monster_id":3, "material_id":182},
 {"mm_id":39, "monster_id":3, "material_id":183},
 {"mm_id":40, "monster_id":4, "material_id":187},
 {"mm_id":41, "monster_id":4, "material_id":188},
 {"mm_id":42, "monster_id":4, "material_id":189},
 {"mm_id":43, "monster_id":4, "material_id":190},
 {"mm_id":44, "monster_id":4, "material_id":191},
 {"mm_id":45, "monster_id":4, "material_id":192},
 {"mm_id":46, "monster_id":4, "material_id":193},
 {"mm_id":47, "monster_id":5, "material_id":10},
 {"mm_id":48, "monster_id":5, "material_id":11},
 {"mm_id":49, "monster_id":7, "material_id":10},
 {"mm_id":50, "monster_id":7, "material_id":211},
 {"mm_id":51, "monster_id":7, "material_id":11},
 {"mm_id":52, "monster_id":7, "material_id":212},
 {"mm_id":53, "monster_id":7, "material_id":25},
 {"mm_id":54, "monster_id":7, "material_id":213},
 {"mm_id":55, "monster_id":7, "material_id":214},
 {"mm_id":56, "monster_id":7, "material_id":215},
 {"mm_id":57, "monster_id":8, "material_id":30},
 {"mm_id":58, "monster_id":8, "material_id":26},
 {"mm_id":59, "monster_id":8, "material_id":27},
 {"mm_id":60, "monster_id":8, "material_id":28},
 {"mm_id":61, "monster_id":8, "material_id":29},
 {"mm_id":62, "monster_id":9, "material_id":233},
 {"mm_id":63, "monster_id":9, "material_id":234},
 {"mm_id":64, "monster_id":9, "material_id":235},
 {"mm_id":65, "monster_id":9, "material_id":236},
 {"mm_id":66, "monster_id":9, "material_id":237},
 {"mm_id":67, "monster_id":9, "material_id":238},
 {"mm_id":68, "monster_id":9, "material_id":231},
 {"mm_id":69, "monster_id":9, "material_id":232},
 {"mm_id":70, "monster_id":10, "material_id":64},
 {"mm_id":71, "monster_id":10, "material_id":65},
 {"mm_id":72, "monster_id":10, "material_id":66},
 {"mm_id":73, "monster_id":10, "material_id":239},
 {"mm_id":74, "monster_id":10, "material_id":240},
 {"mm_id":75, "monster_id":10, "material_id":241},
 {"mm_id":76, "monster_id":10, "material_id":242},
 {"mm_id":77, "monster_id":11, "material_id":265},
 {"mm_id":78, "monster_id":11, "material_id":258},
 {"mm_id":79, "monster_id":11, "material_id":259},
 {"mm_id":80, "monster_id":11, "material_id":260},
 {"mm_id":81, "monster_id":11, "material_id":262},
 {"mm_id":82, "monster_id":11, "material_id":263},
 {"mm_id":83, "monster_id":11, "material_id":264},
 {"mm_id":84, "monster_id":12, "material_id":272},
 {"mm_id":85, "monster_id":12, "material_id":273},
 {"mm_id":86, "monster_id":12, "material_id":274},
 {"mm_id":87, "monster_id":12, "material_id":275},
 {"mm_id":88, "monster_id":12, "material_id":276},
 {"mm_id":89, "monster_id":12, "material_id":277},
 {"mm_id":90, "monster_id":12, "material_id":278},
 {"mm_id":91, "monster_id":13, "material_id":279},
 {"mm_id":92, "monster_id":13, "material_id":280},
 {"mm_id":93, "monster_id":13, "material_id":281},
 {"mm_id":94, "monster_id":13, "material_id":282},
 {"mm_id":95, "monster_id":13, "material_id":283},
 {"mm_id":96, "monster_id":13, "material_id":284},
 {"mm_id":97, "monster_id":13, "material_id":285},
 {"mm_id":98, "monster_id":13, "material_id":286},
 {"mm_id":99, "monster_id":16, "material_id":294},
 {"mm_id":100, "monster_id":16, "material_id":295},
 {"mm_id":101, "monster_id":16, "material_id":296},
 {"mm_id":102, "monster_id":16, "material_id":297},
 {"mm_id":103, "monster_id":17, "material_id":298},
 {"mm_id":104, "monster_id":17, "material_id":299},
 {"mm_id":105, "monster_id":17, "material_id":300},
 {"mm_id":106, "monster_id":17, "material_id":301},
 {"mm_id":107, "monster_id":17, "material_id":302},
 {"mm_id":108, "monster_id":17, "material_id":303},
 {"mm_id":109, "monster_id":17, "material_id":304},
 {"mm_id":110, "monster_id":17, "material_id":305},
 {"mm_id":111, "monster_id":17, "material_id":306},
 {"mm_id":112, "monster_id":17, "material_id":307},
 {"mm_id":113, "monster_id":17, "material_id":308},
 {"mm_id":114, "monster_id":19, "material_id":314},
 {"mm_id":115, "monster_id":19, "material_id":315},
 {"mm_id":116, "monster_id":19, "material_id":317},
 {"mm_id":117, "monster_id":19, "material_id":318},
 {"mm_id":118, "monster_id":19, "material_id":319},
 {"mm_id":119, "monster_id":19, "material_id":313},
 {"mm_id":120, "monster_id":20, "material_id":323},
 {"mm_id":121, "monster_id":20, "material_id":324},
 {"mm_id":122, "monster_id":20, "material_id":325},
 {"mm_id":123, "monster_id":20, "material_id":326},
 {"mm_id":124, "monster_id":20, "material_id":327},
 {"mm_id":125, "monster_id":20, "material_id":328},
 {"mm_id":126, "monster_id":20, "material_id":329},
 {"mm_id":127, "monster_id":20, "material_id":330},
 {"mm_id":128, "monster_id":20, "material_id":331},
 {"mm_id":129, "monster_id":20, "material_id":332},
 {"mm_id":130, "monster_id":20, "material_id":334},
 {"mm_id":131, "monster_id":21, "material_id":335},
 {"mm_id":132, "monster_id":21, "material_id":336},
 {"mm_id":133, "monster_id":21, "material_id":337},
 {"mm_id":134, "monster_id":21, "material_id":338},
 {"mm_id":135, "monster_id":21, "material_id":339},
 {"mm_id":136, "monster_id":21, "material_id":340},
 {"mm_id":137, "monster_id":21, "material_id":341},
 {"mm_id":138, "monster_id":21, "material_id":342},
 {"mm_id":139, "monster_id":22, "material_id":343},
 {"mm_id":140, "monster_id":22, "material_id":344},
 {"mm_id":141, "monster_id":23, "material_id":350},
 {"mm_id":142, "monster_id":23, "material_id":351},
 {"mm_id":143, "monster_id":23, "material_id":352},
 {"mm_id":144, "monster_id":23, "material_id":353},
 {"mm_id":145, "monster_id":23, "material_id":354},
 {"mm_id":146, "monster_id":23, "material_id":346},
 {"mm_id":147, "monster_id":23, "material_id":347},
 {"mm_id":148, "monster_id":23, "material_id":348},
 {"mm_id":149, "monster_id":23, "material_id":349},
 {"mm_id":150, "monster_id":24, "material_id":360},
 {"mm_id":151, "monster_id":24, "material_id":361},
 {"mm_id":152, "monster_id":24, "material_id":362},
 {"mm_id":153, "monster_id":24, "material_id":364},
 {"mm_id":154, "monster_id":24, "material_id":365},
 {"mm_id":155, "monster_id":24, "material_id":366},
 {"mm_id":156, "monster_id":24, "material_id":367},
 {"mm_id":157, "monster_id":25, "material_id":373},
 {"mm_id":158, "monster_id":25, "material_id":374},
 {"mm_id":159, "monster_id":25, "material_id":171},
 {"mm_id":160, "monster_id":25, "material_id":375},
 {"mm_id":161, "monster_id":25, "material_id":376},
 {"mm_id":162, "monster_id":25, "material_id":97},
 {"mm_id":163, "monster_id":25, "material_id":172},
 {"mm_id":164, "monster_id":25, "material_id":377},
 {"mm_id":165, "monster_id":25, "material_id":379},
 {"mm_id":166, "monster_id":25, "material_id":173},
 {"mm_id":167, "monster_id":25, "material_id":174},
 {"mm_id":168, "monster_id":25, "material_id":369},
 {"mm_id":169, "monster_id":25, "material_id":370},
 {"mm_id":170, "monster_id":25, "material_id":371},
 {"mm_id":171, "monster_id":25, "material_id":372},
 {"mm_id":172, "monster_id":26, "material_id":380},
 {"mm_id":173, "monster_id":26, "material_id":381},
 {"mm_id":174, "monster_id":26, "material_id":382},
 {"mm_id":175, "monster_id":26, "material_id":343},
 {"mm_id":176, "monster_id":26, "material_id":383},
 {"mm_id":177, "monster_id":26, "material_id":384},
 {"mm_id":178, "monster_id":26, "material_id":344},
 {"mm_id":179, "monster_id":26, "material_id":385},
 {"mm_id":180, "monster_id":26, "material_id":386},
 {"mm_id":181, "monster_id":26, "material_id":387},
 {"mm_id":182, "monster_id":26, "material_id":388},
 {"mm_id":183, "monster_id":26, "material_id":389},
 {"mm_id":184, "monster_id":27, "material_id":406},
 {"mm_id":185, "monster_id":27, "material_id":407},
 {"mm_id":186, "monster_id":27, "material_id":408},
 {"mm_id":187, "monster_id":27, "material_id":409},
 {"mm_id":188, "monster_id":27, "material_id":410},
 {"mm_id":189, "monster_id":27, "material_id":412},
 {"mm_id":190, "monster_id":27, "material_id":413},
 {"mm_id":191, "monster_id":27, "material_id":414},
 {"mm_id":192, "monster_id":28, "material_id":109},
 {"mm_id":193, "monster_id":28, "material_id":415},
 {"mm_id":194, "monster_id":28, "material_id":416},
 {"mm_id":195, "monster_id":28, "material_id":417},
 {"mm_id":196, "monster_id":28, "material_id":418},
 {"mm_id":197, "monster_id":28, "material_id":419},
 {"mm_id":198, "monster_id":28, "material_id":420},
 {"mm_id":199, "monster_id":28, "material_id":421},
 {"mm_id":200, "monster_id":28, "material_id":422},
 {"mm_id":201, "monster_id":29, "material_id":426},
 {"mm_id":202, "monster_id":29, "material_id":427},
 {"mm_id":203, "monster_id":29, "material_id":428},
 {"mm_id":204, "monster_id":29, "material_id":429},
 {"mm_id":205, "monster_id":29, "material_id":430},
 {"mm_id":206, "monster_id":29, "material_id":431},
 {"mm_id":207, "monster_id":29, "material_id":432},
 {"mm_id":208, "monster_id":29, "material_id":433},
 {"mm_id":209, "monster_id":30, "material_id":435},
 {"mm_id":210, "monster_id":30, "material_id":436},
 {"mm_id":211, "monster_id":30, "material_id":437},
 {"mm_id":212, "monster_id":30, "material_id":438},
 {"mm_id":213, "monster_id":30, "material_id":439},
 {"mm_id":214, "monster_id":30, "material_id":440},
 {"mm_id":215, "monster_id":31, "material_id":443},
 {"mm_id":216, "monster_id":31, "material_id":444},
 {"mm_id":217, "monster_id":31, "material_id":445},
 {"mm_id":218, "monster_id":31, "material_id":446},
 {"mm_id":219, "monster_id":31, "material_id":447},
 {"mm_id":220, "monster_id":31, "material_id":441},
 {"mm_id":221, "monster_id":31, "material_id":442},
 {"mm_id":222, "monster_id":32, "material_id":452},
 {"mm_id":223, "monster_id":32, "material_id":453},
 {"mm_id":224, "monster_id":32, "material_id":454},
 {"mm_id":225, "monster_id":32, "material_id":455},
 {"mm_id":226, "monster_id":32, "material_id":456},
 {"mm_id":227, "monster_id":32, "material_id":457},
 {"mm_id":228, "monster_id":32, "material_id":458},
 {"mm_id":229, "monster_id":32, "material_id":459},
 {"mm_id":230, "monster_id":33, "material_id":463},
 {"mm_id":231, "monster_id":33, "material_id":464},
 {"mm_id":232, "monster_id":33, "material_id":465},
 {"mm_id":233, "monster_id":33, "material_id":460},
 {"mm_id":234, "monster_id":33, "material_id":461},
 {"mm_id":235, "monster_id":33, "material_id":462}]