[{"ml_id":1, "monster_id":1, "location_id":"AF"},
 {"ml_id":2, "monster_id":1, "location_id":"WW"},
 {"ml_id":3, "monster_id":2, "location_id":"AF"},
 {"ml_id":4, "monster_id":2, "location_id":"ER"},
 {"ml_id":5, "monster_id":3, "location_id":"WW"},
 {"ml_id":6, "monster_id":4, "location_id":"AF"},
 {"ml_id":7, "monster_id":4, "location_id":"CH"},
 {"ml_id":8, "monster_id":4, "location_id":"RV"},
 {"ml_id":9, "monster_id":4, "location_id":"WW"},
 {"ml_id":10, "monster_id":4, "location_id":"ER"},
 {"ml_id":11, "monster_id":5, "location_id":"WW"},
 {"ml_id":12, "monster_id":6, "location_id":"AF"},
 {"ml_id":13, "monster_id":6, "location_id":"WW"},
 {"ml_id":14, "monster_id":6, "location_id":"CH"},
 {"ml_id":15, "monster_id":6, "location_id":"RV"},
 {"ml_id":16, "monster_id":6, "location_id":"ER"},
 {"ml_id":17, "monster_id":7, "location_id":"WW"},
 {"ml_id":18, "monster_id":8, "location_id":"ER"},
 {"ml_id":19, "monster_id":9, "location_id":"RV"},
 {"ml_id":20, "monster_id":10, "location_id":"AF"},
 {"ml_id":21, "monster_id":11, "location_id":"WW"},
 {"ml_id":22, "monster_id":12, "location_id":"CH"},
 {"ml_id":23, "monster_id":13, "location_id":"AF"},
 {"ml_id":24, "monster_id":13, "location_id":"WW"},
 {"ml_id":25, "monster_id":14, "location_id":"CED"},
 {"ml_id":26, "monster_id":15, "location_id":"AF"},
 {"ml_id":27, "monster_id":15, "location_id":"ER"},
 {"ml_id":28, "monster_id":16, "location_id":"ER"},
 {"ml_id":29, "monster_id":17, "location_id":"CH"},
 {"ml_id":30, "monster_id":18, "location_id":"ER"},
 {"ml_id":31, "monster_id":19, "location_id":"ER"},
 {"ml_id":32, "monster_id":19, "location_id":"WW"},
 {"ml_id":33, "monster_id":20, "location_id":"RV"},
 {"ml_id":34, "monster_id":20, "location_id":"CH"},
 {"ml_id":35, "monster_id":21, "location_id":"CH"},
 {"ml_id":36, "monster_id":22, "location_id":"WW"},
 {"ml_id":37, "monster_id":22, "location_id":"CH"},
 {"ml_id":38, "monster_id":23, "location_id":"AF"},
 {"ml_id":39, "monster_id":24, "location_id":"RV"},
 {"ml_id":40, "monster_id":25, "location_id":"AF"},
 {"ml_id":41, "monster_id":26, "location_id":"AF"},
 {"ml_id":42, "monster_id":26, "location_id":"WW"},
 {"ml_id":43, "monster_id":27, "location_id":"WW"},
 {"ml_id":44, "monster_id":27, "location_id":"ER"},
 {"ml_id":45, "monster_id":28, "location_id":"AF"},
 {"ml_id":46, "monster_id":29, "location_id":"CH"},
 {"ml_id":47, "monster_id":30, "location_id":"ER"},
 {"ml_id":48, "monster_id":31, "location_id":"RV"},
 {"ml_id":49, "monster_id":32, "location_id":"CoF"},
 {"ml_id":50, "monster_id":33, "location_id":"Evr"}]