[{"monster_id":1, "monster_name":"Anjanath", "element":"F", "species":"bru"},
 {"monster_id":2, "monster_name":"Azure Rathalos", "element":"F", "species":"fly"},
 {"monster_id":3, "monster_name":"Barroth", "element":"NE", "species":"bru"},
 {"monster_id":4, "monster_name":"Bazelgeuse", "element":"F", "species":"fly"},
 {"monster_id":5, "monster_name":"Black Diablos", "element":"NE", "species":"fly"},
 {"monster_id":6, "monster_name":"Deviljho", "element":"D", "species":"bru"},
 {"monster_id":7, "monster_name":"Diablos", "element":"NE", "species":"fly"},
 {"monster_id":8, "monster_name":"Dodogama", "element":"F", "species":"fan"},
 {"monster_id":9, "monster_name":"Great Girros", "element":"NE", "species":"fan"},
 {"monster_id":10, "monster_name":"Great Jagras", "element":"NE", "species":"fan"},
 {"monster_id":11, "monster_name":"Jyuratodus", "element":"W", "species":"pis"},
 {"monster_id":12, "monster_name":"Kirin", "element":"T", "species":"eld"},
 {"monster_id":13, "monster_name":"Kulu-Ya-Ku", "element":"NE", "species":"bir"},
 {"monster_id":14, "monster_name":"Kulve Taroth", "element":"F", "species":"eld"},
 {"monster_id":15, "monster_name":"Kushala Daora", "element":"NE", "species":"eld"},
 {"monster_id":16, "monster_name":"Lavasioth", "element":"F", "species":"pis"},
 {"monster_id":17, "monster_name":"Legiana", "element":"I", "species":"fly"},
 {"monster_id":18, "monster_name":"Lunastra", "element":"F", "species":"eld"},
 {"monster_id":19, "monster_name":"Nergigante", "element":"NE", "species":"eld"},
 {"monster_id":20, "monster_name":"Odogaron", "element":"NE", "species":"fan"},
 {"monster_id":21, "monster_name":"Paolumu", "element":"NE", "species":"fly"},
 {"monster_id":22, "monster_name":"Pink Rathian", "element":"F", "species":"fly"},
 {"monster_id":23, "monster_name":"Pukei-Pukei", "element":"NE", "species":"bir"},
 {"monster_id":24, "monster_name":"Radobaan", "element":"NE", "species":"bru"},
 {"monster_id":25, "monster_name":"Rathalos", "element":"F", "species":"fly"},
 {"monster_id":26, "monster_name":"Rathian", "element":"F", "species":"fly"},
 {"monster_id":27, "monster_name":"Teostra", "element":"F", "species":"eld"},
 {"monster_id":28, "monster_name":"Tobi-Kadachi", "element":"T", "species":"fan"},
 {"monster_id":29, "monster_name":"Tzitzi-Ya-Ku", "element":"NE", "species":"bir"},
 {"monster_id":30, "monster_name":"Uragaan", "element":"F", "species":"bru"},
 {"monster_id":31, "monster_name":"Vaal Hazak", "element":"NE", "species":"eld"},
 {"monster_id":32, "monster_name":"Xeno'jiiva", "element":"D", "species":"eld"},
 {"monster_id":33, "monster_name":"Zorah Magdaros", "element":"F", "species":"eld"}]
